storeId,storeName,regionGroup,city,district,address,phone,hours,gmbStatus,gmbOrderingStatus,hasAnyOrderingSystem,hasGmbOrderingSystem,gmbPickupProviders,gmbDeliveryProviders,allSourceSystems,gmbSystems,officialSourceUrl,officialStoreUrl,gmbUrl,gmbOrderPanelUrl,manualReviewReason
truedan-tw-43-01,南投埔里店,中部,南投縣,埔里鎮,南投縣埔里鎮大城里中山路三段267號,04-9291-6606,10:00-21:00,confirmed,confirmed,True,True,foodpanda,Uber Eats; foodpanda,Ocard; Uber Eats; foodpanda,Uber Eats; foodpanda,https://www.truedan.com.tw/portal_d1_cnt.php?s_contury=1&s_city=43,https://www.truedan.com.tw/portal_d1_cnt.php?s_contury=1&s_city=43,"https://www.google.com/maps/place/%E7%8F%8D%E7%85%AE%E4%B8%B9%E5%8D%97%E6%8A%95%E5%9F%94%E9%87%8C%E5%BA%97/@23.9684427,120.9585211,17z/data=!3m1!4b1!4m6!3m5!1s0x3468d99056c7be8d:0xdfe41f9b4328fadc!8m2!3d23.9684427!4d120.9585211!16s%2Fg%2F11lkfp38b1?entry=ttu&g_ep=EgoyMDI2MDYxNi4wIKXMDSoASAFQAw%3D%3D","https://www.google.com/searchviewer/42?cvd=CLw_EicKJeICIjIgEhkiF9LX29IPEQoNL2cvMTFsa2ZwMzhiMRgAOgMI8A0%3D&hl=zh-Hant-TW&gl=tw&fo_m=MfohQo559jFvMUOzJVpjPL1YMfZ3bInYwBDuMfaXTPp5KXh-&utm_source=tactile&gei=AbY4avPbHbC-vr0Pn4SMoAY&ei=AbY4avPbHbC-vr0Pn4SMoAY&fo_s=OA,SOE&opi=79508299&ebb=1&cs=0&foub=mcpp",
truedan-tw-12-03,台中中工店,中部,台中市,西屯區,台中市西屯區中工三路42-1號,04-2359-4868,三～六 09:30-21:30 日～二 10:00-20:30,confirmed,confirmed,True,True,foodpanda,Nidin; Uber Eats; foodpanda,Nidin; Ocard; Uber Eats; foodpanda,Nidin; Uber Eats; foodpanda,https://www.truedan.com.tw/portal_d1_cnt.php?s_contury=1&s_city=12,https://www.truedan.com.tw/portal_d1_cnt.php?s_contury=1&s_city=12,"https://www.google.com/maps/place/%E7%8F%8D%E7%85%AE%E4%B8%B9+%E5%8F%B0%E4%B8%AD%E4%B8%AD%E5%B7%A5%E5%BA%97/@24.1800031,120.6191448,17z/data=!3m1!4b1!4m6!3m5!1s0x346915093904ac71:0x82e225b6b2868056!8m2!3d24.1800031!4d120.6191448!16s%2Fg%2F11j5zkztwj?entry=ttu&g_ep=EgoyMDI2MDYxNi4wIKXMDSoASAFQAw%3D%3D","https://www.google.com/searchviewer/42?cvd=CLw_EicKJeICIjIgEhkiF9LX29IPEQoNL2cvMTFqNXprenR3ahgAOgMI8A0%3D&hl=zh-Hant-TW&gl=tw&fo_m=MfohQo559jFvMUOzJVpjPL1YMfZ3bInYwBDuMfaXTPp5KXh-&utm_source=tactile&gei=IbY4arT2L8nt1e8PxpCCmAU&ei=IbY4arT2L8nt1e8PxpCCmAU&fo_s=OA,SOE&opi=79508299&ebb=1&cs=0&foub=mcpp",
truedan-tw-12-06,台中南屯店,中部,台中市,南屯區,台中市南屯區南屯路二段393號,04-2386-3839,二～六:09:30～21:00 日、一:10:00～20:30,confirmed,confirmed,True,True,foodpanda,foodpanda,Ocard; foodpanda,foodpanda,https://www.truedan.com.tw/portal_d1_cnt.php?s_contury=1&s_city=12,https://www.truedan.com.tw/portal_d1_cnt.php?s_contury=1&s_city=12,"https://www.google.com/maps/place/%E7%8F%8D%E7%85%AE%E4%B8%B9+%E5%8F%B0%E4%B8%AD%E5%8D%97%E5%B1%AF%E5%BA%97/@24.1381556,120.6437195,17z/data=!3m1!4b1!4m6!3m5!1s0x34693db2d41ef923:0x905df841f4b8ab33!8m2!3d24.1381556!4d120.6437195!16s%2Fg%2F11rgl68s0g?entry=ttu&g_ep=EgoyMDI2MDYxNi4wIKXMDSoASAFQAw%3D%3D","https://www.google.com/searchviewer/42?cvd=CLw_EicKJeICIjIgEhkiF9LX29IPEQoNL2cvMTFyZ2w2OHMwZxgAOgMI8A0%3D&hl=zh-Hant-TW&gl=tw&fo_m=MfohQo559jFvMUOzJVpjPL1YMfZ3bInYwBDuMfaXTPp5KXh-&utm_source=tactile&gei=NbY4aq2gBOjX1e8PmIupkQE&ei=NbY4aq2gBOjX1e8PmIupkQE&fo_s=OA,SOE&opi=79508299&ebb=1&cs=0&foub=mcpp",
truedan-tw-12-04,台中建和店,中部,台中市,北屯區,台中市北屯區建和路二段26號,04-2436-3851,10:00-21:00,confirmed,confirmed,True,True,foodpanda,Uber Eats; foodpanda,Ocard; Uber Eats; foodpanda,Uber Eats; foodpanda,https://www.truedan.com.tw/portal_d1_cnt.php?s_contury=1&s_city=12,https://www.truedan.com.tw/portal_d1_cnt.php?s_contury=1&s_city=12,"https://www.google.com/maps/place/%E7%8F%8D%E7%85%AE%E4%B8%B9%EF%BC%88%E5%8F%B0%E4%B8%AD%E5%BB%BA%E5%92%8C%E5%BA%97%EF%BC%89/@24.1672837,120.7246177,17z/data=!3m1!4b1!4m6!3m5!1s0x3469192f3dfa0d21:0x664142d64a498e21!8m2!3d24.1672837!4d120.7246177!16s%2Fg%2F11t9pckzxh?entry=ttu&g_ep=EgoyMDI2MDYxNi4wIKXMDSoASAFQAw%3D%3D","https://www.google.com/searchviewer/42?cvd=CLw_EicKJeICIjIgEhkiF9LX29IPEQoNL2cvMTF0OXBja3p4aBgAOgMI8A0%3D&hl=zh-Hant-TW&gl=tw&fo_m=MfohQo559jFvMUOzJVpjPL1YMfZ3bInYwBDuMfaXTPp5KXh-&utm_source=tactile&gei=RbY4av6zMc7u1e8Pto-OsAQ&ei=RbY4av6zMc7u1e8Pto-OsAQ&fo_s=OA,SOE&opi=79508299&ebb=1&cs=0&foub=mcpp",
truedan-tw-12-05,台中昌平店,中部,台中市,北屯區,台中市北屯區昌平路一段200號一樓,04-2235-0002,週一~週日 10:00-21:00,confirmed,confirmed,True,True,Nidin; foodpanda,Nidin; Uber Eats; foodpanda,Nidin; Ocard; Uber Eats; foodpanda,Nidin; Uber Eats; foodpanda,https://www.truedan.com.tw/portal_d1_cnt.php?s_contury=1&s_city=12,https://www.truedan.com.tw/portal_d1_cnt.php?s_contury=1&s_city=12,"https://www.google.com/maps/place/%E7%8F%8D%E7%85%AE%E4%B8%B9+%E5%8F%B0%E4%B8%AD%E6%98%8C%E5%B9%B3%E5%BA%97/@24.1696397,120.6919304,17z/data=!3m1!4b1!4m6!3m5!1s0x346917848a99f48f:0x3bc410ef09362d2f!8m2!3d24.1696397!4d120.6919304!16s%2Fg%2F11jp06swz5?entry=ttu&g_ep=EgoyMDI2MDYxNi4wIKXMDSoASAFQAw%3D%3D","https://www.google.com/searchviewer/42?cvd=CLw_EicKJeICIjIgEhkiF9LX29IPEQoNL2cvMTFqcDA2c3d6NRgAOgMI8A0%3D&hl=zh-Hant-TW&gl=tw&fo_m=MfohQo559jFvMUOzJVpjPL1YMfZ3bInYwBDuMfaXTPp5KXh-&utm_source=tactile&gei=V7Y4at6jBtipvr0PjfeBsAI&ei=V7Y4at6jBtipvr0PjfeBsAI&fo_s=OA,SOE&opi=79508299&ebb=1&cs=0&foub=mcpp",
truedan-tw-12-02,台中精誠店,中部,台中市,西區,台中市西區精誠路196號1F,04-2310-8881,10:00-23:00,confirmed,confirmed,True,True,foodpanda,Uber Eats; foodpanda,Ocard; Uber Eats; foodpanda,Uber Eats; foodpanda,https://www.truedan.com.tw/portal_d1_cnt.php?s_contury=1&s_city=12,https://www.truedan.com.tw/portal_d1_cnt.php?s_contury=1&s_city=12,"https://www.google.com/maps/place/%E7%8F%8D%E7%85%AE%E4%B8%B9+%E5%8F%B0%E4%B8%AD%E7%B2%BE%E8%AA%A0%E5%BA%97/@24.1515142,120.6549975,17z/data=!3m1!4b1!4m6!3m5!1s0x34693d5a6fdb813d:0x453c08f6f0ad9b80!8m2!3d24.1515142!4d120.6549975!16s%2Fg%2F11hdv60fxt?entry=ttu&g_ep=EgoyMDI2MDYxNi4wIKXMDSoASAFQAw%3D%3D","https://www.google.com/searchviewer/42?cvd=CLw_EicKJeICIjIgEhkiF9LX29IPEQoNL2cvMTFoZHY2MGZ4dBgAOgMI8A0%3D&hl=zh-Hant-TW&gl=tw&fo_m=MfohQo559jFvMUOzJVpjPL1YMfZ3bInYwBDuMfaXTPp5KXh-&utm_source=tactile&gei=Z7Y4auayJJzt1e8P0YKy-QQ&ei=Z7Y4auayJJzt1e8P0YKy-QQ&fo_s=OA,SOE&opi=79508299&ebb=1&cs=0&foub=mcpp",
truedan-tw-12-01,台中豐原店,中部,台中市,豐原區,台中市豐原區豐榮里三民路157號1樓,04-25257155,10:00-21:30,confirmed,confirmed,True,True,foodpanda,Uber Eats; foodpanda,Ocard; Uber Eats; foodpanda,Uber Eats; foodpanda,https://www.truedan.com.tw/portal_d1_cnt.php?s_contury=1&s_city=12,https://www.truedan.com.tw/portal_d1_cnt.php?s_contury=1&s_city=12,"https://www.google.com/maps/place/%E7%8F%8D%E7%85%AE%E4%B8%B9+%E5%8F%B0%E4%B8%AD%E8%B1%90%E5%8E%9F%E5%BA%97/@24.253178,120.71823,17z/data=!3m1!4b1!4m6!3m5!1s0x34691b4175134e31:0x281e4a8bc9fd96bf!8m2!3d24.253178!4d120.71823!16s%2Fg%2F11jlf69wb4?entry=ttu&g_ep=EgoyMDI2MDYxNi4wIKXMDSoASAFQAw%3D%3D","https://www.google.com/searchviewer/42?cvd=CLw_EicKJeICIjIgEhkiF9LX29IPEQoNL2cvMTFqbGY2OXdiNBgAOgMI8A0%3D&hl=zh-Hant-TW&gl=tw&fo_m=MfohQo559jFvMUOzJVpjPL1YMfZ3bInYwBDuMfaXTPp5KXh-&utm_source=tactile&gei=eLY4av_JC-rV1e8P3biBqAc&ei=eLY4av_JC-rV1e8P3biBqAc&fo_s=OA,SOE&opi=79508299&ebb=1&cs=0&foub=mcpp",
truedan-tw-54-01,雲林斗六店,中部,雲林縣,斗六市,雲林縣斗六市民生南路207號,05-5362-816,10:00-21:30,confirmed,confirmed,True,True,foodpanda,Uber Eats; foodpanda,Ocard; Uber Eats; foodpanda,Uber Eats; foodpanda,https://www.truedan.com.tw/portal_d1_cnt.php?s_contury=1&s_city=54,https://www.truedan.com.tw/portal_d1_cnt.php?s_contury=1&s_city=54,"https://www.google.com/maps/place/%E7%8F%8D%E7%85%AE%E4%B8%B9+%E9%9B%B2%E6%9E%97%E6%96%97%E5%85%AD%E5%BA%97/@23.7000369,120.5371018,17z/data=!3m1!4b1!4m6!3m5!1s0x346ec9c208ae038b:0xbbeaa434de62970d!8m2!3d23.7000369!4d120.5371018!16s%2Fg%2F11rzfj7ztm?entry=ttu&g_ep=EgoyMDI2MDYxNi4wIKXMDSoASAFQAw%3D%3D","https://www.google.com/searchviewer/42?cvd=CLw_EicKJeICIjIgEhkiF9LX29IPEQoNL2cvMTFyemZqN3p0bRgAOgMI8A0%3D&hl=zh-Hant-TW&gl=tw&fo_m=MfohQo559jFvMUOzJVpjPL1YMfZ3bInYwBDuMfaXTPp5KXh-&utm_source=tactile&gei=h7Y4at2CCPTW1e8PwvyBuAo&ei=h7Y4at2CCPTW1e8PwvyBuAo&fo_s=OA,SOE&opi=79508299&ebb=1&cs=0&foub=mcpp",
truedan-tw-16-01,中山赤峰店,北部,台北市,大同區,台北市大同區承德路二段1巷38號,02-25586858,10:00-20:00,confirmed,confirmed,True,True,foodpanda,Uber Eats; foodpanda,Ocard; Uber Eats; foodpanda,Uber Eats; foodpanda,https://www.truedan.com.tw/portal_d1_cnt.php?s_contury=1&s_city=16,https://www.truedan.com.tw/portal_d1_cnt.php?s_contury=1&s_city=16,"https://www.google.com/maps/place/%E7%8F%8D%E7%85%AE%E4%B8%B9%E4%B8%AD%E5%B1%B1%E8%B5%A4%E5%B3%B0%E5%BA%97/@25.0533484,121.5190495,17z/data=!3m1!4b1!4m6!3m5!1s0x3442a9142ad41055:0x53760f5d9840e87d!8m2!3d25.0533484!4d121.5190495!16s%2Fg%2F11y865kms7?entry=ttu&g_ep=EgoyMDI2MDYxNi4wIKXMDSoASAFQAw%3D%3D","https://www.google.com/searchviewer/42?cvd=CLw_EicKJeICIjIgEhkiF9LX29IPEQoNL2cvMTF5ODY1a21zNxgAOgMI8A0%3D&hl=zh-Hant-TW&gl=tw&fo_m=MfohQo559jFvMUOzJVpjPL1YMfZ3bInYwBDuMfaXTPp5KXh-&utm_source=tactile&gei=mLY4arutEOXO1e8P-eaCsAY&ei=mLY4arutEOXO1e8P-eaCsAY&fo_s=OA,SOE&opi=79508299&ebb=1&cs=0&foub=mcpp",
truedan-tw-16-13,中正南門店,北部,台北市,中正區,台北市中正區羅斯福路一段12號,02-2397-1828,周三至周日10:00-21:00 周一至周二10:00~20:00,confirmed,confirmed,True,True,foodpanda,Uber Eats; foodpanda,Ocard; Uber Eats; foodpanda,Uber Eats; foodpanda,https://www.truedan.com.tw/portal_d1_cnt.php?s_contury=1&s_city=16,https://www.truedan.com.tw/portal_d1_cnt.php?s_contury=1&s_city=16,"https://www.google.com/maps/place/%E7%8F%8D%E7%85%AE%E4%B8%B9+%E4%B8%AD%E6%AD%A3%E5%8D%97%E9%96%80%E5%BA%97/@25.0319699,121.5185634,17z/data=!3m1!4b1!4m6!3m5!1s0x3442a99eb45633a3:0x8f1fbe4641ec4c47!8m2!3d25.0319699!4d121.5185634!16s%2Fg%2F11g8lpdmqw?entry=ttu&g_ep=EgoyMDI2MDYxNi4wIKXMDSoASAFQAw%3D%3D","https://www.google.com/searchviewer/42?cvd=CLw_EicKJeICIjIgEhkiF9LX29IPEQoNL2cvMTFnOGxwZG1xdxgAOgMI8A0%3D&hl=zh-Hant-TW&gl=tw&fo_m=MfohQo559jFvMUOzJVpjPL1YMfZ3bInYwBDuMfaXTPp5KXh-&utm_source=tactile&gei=qbY4avSLK63i1e8PvYuEiAc&ei=qbY4avSLK63i1e8PvYuEiAc&fo_s=OA,SOE&opi=79508299&ebb=1&cs=0&foub=mcpp",
truedan-tw-16-03,信義市府店,北部,台北市,信義區,台北市信義區忠孝東路五段17號之1,02-2742-3896,10:00-21:00,confirmed,confirmed,True,True,foodpanda,foodpanda,Ocard; foodpanda,foodpanda,https://www.truedan.com.tw/portal_d1_cnt.php?s_contury=1&s_city=16,https://www.truedan.com.tw/portal_d1_cnt.php?s_contury=1&s_city=16,"https://www.google.com/maps/place/%E7%8F%8D%E7%85%AE%E4%B8%B9+%E4%BF%A1%E7%BE%A9%E5%B8%82%E5%BA%9C%E5%BA%97/@25.0414512,121.5656269,17z/data=!3m1!4b1!4m6!3m5!1s0x3442abb8ffffffff:0x95d55b126063744e!8m2!3d25.0414512!4d121.5656269!16s%2Fg%2F11g9nl9y_0?entry=ttu&g_ep=EgoyMDI2MDYxNi4wIKXMDSoASAFQAw%3D%3D","https://www.google.com/searchviewer/42?cvd=CLw_EicKJeICIjIgEhkiF9LX29IPEQoNL2cvMTFnOW5sOXlfMBgAOgMI8A0%3D&hl=zh-Hant-TW&gl=tw&fo_m=MfohQo559jFvMUOzJVpjPL1YMfZ3bInYwBDuMfaXTPp5KXh-&utm_source=tactile&gei=ubY4apbBDOO7vr0PxtuPiA4&ei=ubY4apbBDOO7vr0PxtuPiA4&fo_s=OA,SOE&opi=79508299&ebb=1&cs=0&foub=mcpp",
truedan-tw-16-05,內湖園區店,北部,台北市,內湖區,台北市內湖區內湖路一段411巷8號1樓,02-2658-0301,10:00-21:00 06/11-07/10 營業時間：11:00-20:00,confirmed,confirmed,True,True,Nidin; foodpanda,Nidin; foodpanda,Nidin; Ocard; foodpanda,Nidin; foodpanda,https://www.truedan.com.tw/portal_d1_cnt.php?s_contury=1&s_city=16,https://www.truedan.com.tw/portal_d1_cnt.php?s_contury=1&s_city=16,"https://www.google.com/maps/place/%E7%8F%8D%E7%85%AE%E4%B8%B9+%E5%85%A7%E6%B9%96%E5%9C%92%E5%8D%80%E5%BA%97/@25.0820921,121.5710158,17z/data=!3m1!4b1!4m6!3m5!1s0x3442ad610b21d5c3:0x7eee63b2f9eeeaa5!8m2!3d25.0820921!4d121.5710158!16s%2Fg%2F11j6gy7p8c?entry=ttu&g_ep=EgoyMDI2MDYxNi4wIKXMDSoASAFQAw%3D%3D","https://www.google.com/searchviewer/42?cvd=CLw_EicKJeICIjIgEhkiF9LX29IPEQoNL2cvMTFqNmd5N3A4YxgAOgMI8A0%3D&hl=zh-Hant-TW&gl=tw&fo_m=MfohQo559jFvMUOzJVpjPL1YMfZ3bInYwBDuMfaXTPp5KXh-&utm_source=tactile&gei=ybY4arSeN8mOvr0P0f-BUA&ei=ybY4arSeN8mOvr0P0f-BUA&fo_s=OA,SOE&opi=79508299&ebb=1&cs=0&foub=mcpp",
truedan-tw-16-04,內湖江南店,北部,台北市,內湖區,台北市內湖區江南街108號,02-2799-8296,10:00-21:00,confirmed,confirmed,True,True,foodpanda,Uber Eats; foodpanda,Ocard; Uber Eats; foodpanda,Uber Eats; foodpanda,https://www.truedan.com.tw/portal_d1_cnt.php?s_contury=1&s_city=16,https://www.truedan.com.tw/portal_d1_cnt.php?s_contury=1&s_city=16,"https://www.google.com/maps/place/%E7%8F%8D%E7%85%AE%E4%B8%B9+%E5%85%A7%E6%B9%96%E6%B1%9F%E5%8D%97%E5%BA%97/@25.0767932,121.5766132,17z/data=!3m1!4b1!4m6!3m5!1s0x3442ac64abf70f37:0xb49ddd695f569309!8m2!3d25.0767932!4d121.5766132!16s%2Fg%2F11cs0rm2gn?entry=ttu&g_ep=EgoyMDI2MDYxNi4wIKXMDSoASAFQAw%3D%3D","https://www.google.com/searchviewer/42?cvd=CLw_EicKJeICIjIgEhkiF9LX29IPEQoNL2cvMTFjczBybTJnbhgAOgMI8A0%3D&hl=zh-Hant-TW&gl=tw&fo_m=MfohQo559jFvMUOzJVpjPL1YMfZ3bInYwBDuMfaXTPp5KXh-&utm_source=tactile&gei=27Y4aql26dnV7w_UtIOIDA&ei=27Y4aql26dnV7w_UtIOIDA&fo_s=OA,SOE&opi=79508299&ebb=1&cs=0&foub=mcpp",
truedan-tw-16-15,南港園區店,北部,台北市,南港區,台北市南港區新民街58號,02-2783-1617,一～五 10:30-19:30、 六、日 11:00-19:00,confirmed,confirmed,True,True,foodpanda,Uber Eats; foodpanda,Ocard; Uber Eats; foodpanda,Uber Eats; foodpanda,https://www.truedan.com.tw/portal_d1_cnt.php?s_contury=1&s_city=16,https://www.truedan.com.tw/portal_d1_cnt.php?s_contury=1&s_city=16,"https://www.google.com/maps/place/%E7%8F%8D%E7%85%AE%E4%B8%B9+%E5%8D%97%E6%B8%AF%E5%9C%92%E5%8D%80%E5%BA%97/@25.0559593,121.6117307,17z/data=!3m1!4b1!4m6!3m5!1s0x3442ab9784a1b19d:0x2211d51d43b4c3aa!8m2!3d25.0559593!4d121.6117307!16s%2Fg%2F11hsvsq1sx?entry=ttu&g_ep=EgoyMDI2MDYxNi4wIKXMDSoASAFQAw%3D%3D","https://www.google.com/searchviewer/42?cvd=CLw_EicKJeICIjIgEhkiF9LX29IPEQoNL2cvMTFoc3ZzcTFzeBgAOgMI8A0%3D&hl=zh-Hant-TW&gl=tw&fo_m=MfohQo559jFvMUOzJVpjPL1YMfZ3bInYwBDuMfaXTPp5KXh-&utm_source=tactile&gei=67Y4asTnNoTc1e8PwNGBqAY&ei=67Y4asTnNoTc1e8PwNGBqAY&fo_s=OA,SOE&opi=79508299&ebb=1&cs=0&foub=mcpp",
truedan-tw-16-07,台北北醫店,北部,台北市,信義區,台北市信義區莊敬路318號1樓,02-2720-5515,週一～週五10：00-21：00 週六～週日10：30-21：00,confirmed,confirmed,True,True,foodpanda,Uber Eats; foodpanda,Ocard; Uber Eats; foodpanda,Uber Eats; foodpanda,https://www.truedan.com.tw/portal_d1_cnt.php?s_contury=1&s_city=16,https://www.truedan.com.tw/portal_d1_cnt.php?s_contury=1&s_city=16,"https://www.google.com/maps/place/%E7%8F%8D%E7%85%AE%E4%B8%B9-%E5%8F%B0%E5%8C%97%E5%8C%97%E9%86%AB%E5%BA%97(%E5%8F%AF%E4%BD%BF%E7%94%A8Ocard%E7%B7%9A%E4%B8%8A%E9%BB%9E%E9%A4%90%EF%BC%89/@25.028119,121.563306,17z/data=!3m1!4b1!4m6!3m5!1s0x3442ab45e5dc9031:0x578823a47746fe23!8m2!3d25.028119!4d121.563306!16s%2Fg%2F11h97g8rtb?entry=ttu&g_ep=EgoyMDI2MDYxNi4wIKXMDSoASAFQAw%3D%3D","https://www.google.com/searchviewer/42?cvd=CLw_EicKJeICIjIgEhkiF9LX29IPEQoNL2cvMTFoOTdnOHJ0YhgAOgMI8A0%3D&hl=zh-Hant-TW&gl=tw&fo_m=MfohQo559jFvMUOzJVpjPL1YMfZ3bInYwBDuMfaXTPp5KXh-&utm_source=tactile&gei=_bY4ap_ZFsP41e8PtJ-coAw&ei=_bY4ap_ZFsP41e8PtJ-coAw&fo_s=OA,SOE&opi=79508299&ebb=1&cs=0&foub=mcpp",
truedan-tw-16-09,台北南京店,北部,台北市,松山區,台北市松山區南京東路四段108號,02-2747-5917,一～五 10:30-21:00 六、日 11:00-20:00,confirmed,confirmed,True,True,foodpanda,foodpanda,Ocard; foodpanda,foodpanda,https://www.truedan.com.tw/portal_d1_cnt.php?s_contury=1&s_city=16,https://www.truedan.com.tw/portal_d1_cnt.php?s_contury=1&s_city=16,"https://www.google.com/maps/place/%E7%8F%8D%E7%85%AE%E4%B8%B9+%E5%8F%B0%E5%8C%97%E5%8D%97%E4%BA%AC%E5%BA%97/@25.0514395,121.5545223,17z/data=!3m1!4b1!4m6!3m5!1s0x3442ab4194c84cb5:0xee3d9e8fa0f9dac2!8m2!3d25.0514395!4d121.5545223!16s%2Fg%2F11j9cyw6bb?entry=ttu&g_ep=EgoyMDI2MDYxNi4wIKXMDSoASAFQAw%3D%3D","https://www.google.com/searchviewer/42?cvd=CLw_EicKJeICIjIgEhkiF9LX29IPEQoNL2cvMTFqOWN5dzZiYhgAOgMI8A0%3D&hl=zh-Hant-TW&gl=tw&fo_m=MfohQo559jFvMUOzJVpjPL1YMfZ3bInYwBDuMfaXTPp5KXh-&utm_source=tactile&gei=Drc4arrXDJPr1e8P__eB6AI&ei=Drc4arrXDJPr1e8P__eB6AI&fo_s=OA,SOE&opi=79508299&ebb=1&cs=0&foub=mcpp",
truedan-tw-16-06,台北合江店,北部,台北市,,台北市合江街152號一樓,02-2515-5583,10:00-21:00 06/11-07/10 營業時間：10:00-20:00,confirmed,confirmed,True,True,Nidin; foodpanda,Nidin; Uber Eats; foodpanda,Nidin; Ocard; Uber Eats; foodpanda,Nidin; Uber Eats; foodpanda,https://www.truedan.com.tw/portal_d1_cnt.php?s_contury=1&s_city=16,https://www.truedan.com.tw/portal_d1_cnt.php?s_contury=1&s_city=16,"https://www.google.com/maps/place/%E7%8F%8D%E7%85%AE%E4%B8%B9+%E5%8F%B0%E5%8C%97%E5%90%88%E6%B1%9F%E5%BA%97/@25.060014,121.5391088,17z/data=!3m1!4b1!4m6!3m5!1s0x3442ab5d29f7a76b:0x15afdf8d10a6e4da!8m2!3d25.060014!4d121.5391088!16s%2Fg%2F11jg_9q9hs?entry=ttu&g_ep=EgoyMDI2MDYxNi4wIKXMDSoASAFQAw%3D%3D","https://www.google.com/searchviewer/42?cvd=CLw_EicKJeICIjIgEhkiF9LX29IPEQoNL2cvMTFqZ185cTlocxgAOgMI8A0%3D&hl=zh-Hant-TW&gl=tw&fo_m=MfohQo559jFvMUOzJVpjPL1YMfZ3bInYwBDuMfaXTPp5KXh-&utm_source=tactile&gei=HLc4asuTJ4vr1e8P2qGC8Ao&ei=HLc4asuTJ4vr1e8P2qGC8Ao&fo_s=OA,SOE&opi=79508299&ebb=1&cs=0&foub=mcpp",
truedan-tw-16-11,台北延平南店,北部,台北市,中正區,台北市中正區延平南路238號,02-23880092,10：00－21：00,confirmed,confirmed,True,True,foodpanda,Uber Eats; foodpanda,Ocard; Uber Eats; foodpanda,Uber Eats; foodpanda,https://www.truedan.com.tw/portal_d1_cnt.php?s_contury=1&s_city=16,https://www.truedan.com.tw/portal_d1_cnt.php?s_contury=1&s_city=16,"https://www.google.com/maps/place/%E7%8F%8D%E7%85%AE%E4%B8%B9+%E5%8F%B0%E5%8C%97%E5%BB%B6%E5%B9%B3%E5%8D%97%E5%BA%97/@25.0337731,121.5073047,17z/data=!3m1!4b1!4m6!3m5!1s0x3442a97952aed931:0x4a5b3969d576e983!8m2!3d25.0337731!4d121.5073047!16s%2Fg%2F11rpddmdj2?entry=ttu&g_ep=EgoyMDI2MDYxNi4wIKXMDSoASAFQAw%3D%3D","https://www.google.com/searchviewer/42?cvd=CLw_EicKJeICIjIgEhkiF9LX29IPEQoNL2cvMTFycGRkbWRqMhgAOgMI8A0%3D&hl=zh-Hant-TW&gl=tw&fo_m=MfohQo559jFvMUOzJVpjPL1YMfZ3bInYwBDuMfaXTPp5KXh-&utm_source=tactile&gei=Lbc4auzXJ-eIvr0Pk6KB2AU&ei=Lbc4auzXJ-eIvr0Pk6KB2AU&fo_s=OA,SOE&opi=79508299&ebb=1&cs=0&foub=mcpp",
truedan-tw-16-12,台北濟南店,北部,台北市,中正區,台北市中正區濟南路二段60之1號,02-23581520,一～五 10:30-20:00 六、日 11:00-20:00,confirmed,confirmed,True,True,Nidin; foodpanda,Nidin; Uber Eats; foodpanda,Nidin; Ocard; Uber Eats; foodpanda,Nidin; Uber Eats; foodpanda,https://www.truedan.com.tw/portal_d1_cnt.php?s_contury=1&s_city=16,https://www.truedan.com.tw/portal_d1_cnt.php?s_contury=1&s_city=16,"https://www.google.com/maps/place/%E7%8F%8D%E7%85%AE%E4%B8%B9+%E5%8F%B0%E5%8C%97%E6%BF%9F%E5%8D%97%E5%BA%97/@25.0401612,121.5319473,17z/data=!3m1!4b1!4m6!3m5!1s0x3442a9bd3140ee9f:0xeaa45c4717d6492b!8m2!3d25.0401612!4d121.5319473!16s%2Fg%2F11frdzp95r?entry=ttu&g_ep=EgoyMDI2MDYxNi4wIKXMDSoASAFQAw%3D%3D","https://www.google.com/searchviewer/42?cvd=CLw_EicKJeICIjIgEhkiF9LX29IPEQoNL2cvMTFmcmR6cDk1chgAOgMI8A0%3D&hl=zh-Hant-TW&gl=tw&fo_m=MfohQo559jFvMUOzJVpjPL1YMfZ3bInYwBDuMfaXTPp5KXh-&utm_source=tactile&gei=Prc4aqbKKvP_1e8Pi8Wx-Qc&ei=Prc4aqbKKvP_1e8Pi8Wx-Qc&fo_s=OA,SOE&opi=79508299&ebb=1&cs=0&foub=mcpp",
truedan-tw-16-14,台北石牌店,北部,台北市,北投區,台北市北投區石牌路一段164之1號,02-2821-6911,10:00-21:30,confirmed,confirmed,True,True,foodpanda,Uber Eats; foodpanda,Ocard; Uber Eats; foodpanda,Uber Eats; foodpanda,https://www.truedan.com.tw/portal_d1_cnt.php?s_contury=1&s_city=16,https://www.truedan.com.tw/portal_d1_cnt.php?s_contury=1&s_city=16,"https://www.google.com/maps/place/%E7%8F%8D%E7%85%AE%E4%B8%B9+%E5%8F%B0%E5%8C%97%E7%9F%B3%E7%89%8C%E5%BA%97/@25.1143349,121.5135057,17z/data=!3m1!4b1!4m6!3m5!1s0x3442afdaf1a92951:0x2532deed3d1e5ff7!8m2!3d25.1143349!4d121.5135057!16s%2Fg%2F11jbc3f0nd?entry=ttu&g_ep=EgoyMDI2MDYxNi4wIKXMDSoASAFQAw%3D%3D","https://www.google.com/searchviewer/42?cvd=CLw_EicKJeICIjIgEhkiF9LX29IPEQoNL2cvMTFqYmMzZjBuZBgAOgMI8A0%3D&hl=zh-Hant-TW&gl=tw&fo_m=MfohQo559jFvMUOzJVpjPL1YMfZ3bInYwBDuMfaXTPp5KXh-&utm_source=tactile&gei=T7c4asWdFPWivr0PjYqqgAk&ei=T7c4asWdFPWivr0PjYqqgAk&fo_s=OA,SOE&opi=79508299&ebb=1&cs=0&foub=mcpp",
truedan-tw-16-10,台北遼寧店,北部,台北市,中山區,台北市中山區遼寧街27號1樓,02-2776-0727,10:30-21:30,confirmed,confirmed,True,True,foodpanda,Uber Eats; foodpanda,Ocard; Uber Eats; foodpanda,Uber Eats; foodpanda,https://www.truedan.com.tw/portal_d1_cnt.php?s_contury=1&s_city=16,https://www.truedan.com.tw/portal_d1_cnt.php?s_contury=1&s_city=16,"https://www.google.com/maps/place/%E7%8F%8D%E7%85%AE%E4%B8%B9+%E5%8F%B0%E5%8C%97%E9%81%BC%E5%AF%A7%E5%BA%97/@25.0479564,121.5422227,17z/data=!3m1!4b1!4m6!3m5!1s0x3442abde9bd515ab:0x9cdb214ee4417ffe!8m2!3d25.0479564!4d121.5422227!16s%2Fg%2F11c6w0ww2z?entry=ttu&g_ep=EgoyMDI2MDYxNi4wIKXMDSoASAFQAw%3D%3D","https://www.google.com/searchviewer/42?cvd=CLw_EicKJeICIjIgEhkiF9LX29IPEQoNL2cvMTFjNncwd3cyehgAOgMI8A0%3D&hl=zh-Hant-TW&gl=tw&fo_m=MfohQo559jFvMUOzJVpjPL1YMfZ3bInYwBDuMfaXTPp5KXh-&utm_source=tactile&gei=Ybc4aqD7AqDl1e8P4tOPsAY&ei=Ybc4aqD7AqDl1e8P4tOPsAY&fo_s=OA,SOE&opi=79508299&ebb=1&cs=0&foub=mcpp",
truedan-tw-16-02,士林大北店,北部,台北市,士林區,台北市士林區大北路54號,02-2881-5238,一到四 11:00-20:00 五到日 11:00-21:00,confirmed,button_confirmed_provider_pending,True,True,,,Ocard; foodpanda,foodpanda,https://www.truedan.com.tw/portal_d1_cnt.php?s_contury=1&s_city=16,https://www.truedan.com.tw/portal_d1_cnt.php?s_contury=1&s_city=16,"https://www.google.com/maps/place/%E7%8F%8D%E7%85%AE%E4%B8%B9+%E5%A3%AB%E6%9E%97%E5%A4%A7%E5%8C%97%E5%BA%97/@25.090084,121.525658,17z/data=!3m1!4b1!4m6!3m5!1s0x3442aea534c10c05:0x117208e1878977ce!8m2!3d25.090084!4d121.525658!16s%2Fg%2F11c0rglwdk?entry=ttu&g_ep=EgoyMDI2MDYxNi4wIKXMDSoASAFQAw%3D%3D","https://www.google.com/searchviewer/42?cvd=CLw_EicKJeICIjIgEhkiF9LX29IPEQoNL2cvMTFjMHJnbHdkaxgAOgMI8A0%3D&hl=zh-Hant-TW&gl=tw&fo_m=MfohQo559jFvMUOzJVpjPL1YMfZ3bInYwBDuMfaXTPp5KXh-&utm_source=tactile&gei=cbc4arPqHYiS1e8PgZLEiAc&ei=cbc4arPqHYiS1e8PgZLEiAc&fo_s=OA,SOE&opi=79508299&ebb=1&cs=0&foub=mcpp",
truedan-tw-16-08,大安復興店,北部,台北市,大安區,台北市大安區信義路三段200號,02-2700-0558,一～六 10:00-22:00 日 10:00-21:00,confirmed,button_confirmed_provider_pending,True,True,,,Nidin; Ocard; foodpanda,Nidin; foodpanda,https://www.truedan.com.tw/portal_d1_cnt.php?s_contury=1&s_city=16,https://www.truedan.com.tw/portal_d1_cnt.php?s_contury=1&s_city=16,"https://www.google.com/maps/place/%E7%8F%8D%E7%85%AE%E4%B8%B9+%E5%A4%A7%E5%AE%89%E5%BE%A9%E8%88%88%E5%BA%97/@25.0330886,121.5432814,17z/data=!3m1!4b1!4m6!3m5!1s0x3442abd3650b4fa1:0x7ec3b33757c18334!8m2!3d25.0330886!4d121.5432814!16s%2Fg%2F11c55rfjzg?entry=ttu&g_ep=EgoyMDI2MDYxNi4wIKXMDSoASAFQAw%3D%3D","https://www.google.com/searchviewer/42?cvd=CLw_EicKJeICIjIgEhkiF9LX29IPEQoNL2cvMTFjNTVyZmp6ZxgAOgMI8A0%3D&hl=zh-Hant-TW&gl=tw&fo_m=MfohQo559jFvMUOzJVpjPL1YMfZ3bInYwBDuMfaXTPp5KXh-&utm_source=tactile&gei=gbc4atH1JKeEvr0Pl8jmoAU&ei=gbc4atH1JKeEvr0Pl8jmoAU&fo_s=OA,SOE&opi=79508299&ebb=1&cs=0&foub=mcpp",
truedan-tw-16-16,文山木新店,北部,台北市,文山區,台北市文山區木新路三段160號,02-2933-3011,10:00-22:00,confirmed,button_confirmed_provider_pending,True,True,,,Ocard; foodpanda,foodpanda,https://www.truedan.com.tw/portal_d1_cnt.php?s_contury=1&s_city=16,https://www.truedan.com.tw/portal_d1_cnt.php?s_contury=1&s_city=16,"https://www.google.com/maps/place/%E7%8F%8D%E7%85%AE%E4%B8%B9+%E6%96%87%E5%B1%B1%E6%9C%A8%E6%96%B0%E5%BA%97/@24.9819693,121.5610978,17z/data=!3m1!4b1!4m6!3m5!1s0x3442aa13bb1c7035:0xb7232430df9df4aa!8m2!3d24.9819693!4d121.5610978!16s%2Fg%2F11gbkrddw2?entry=ttu&g_ep=EgoyMDI2MDYxNi4wIKXMDSoASAFQAw%3D%3D","https://www.google.com/searchviewer/42?cvd=CLw_EicKJeICIjIgEhkiF9LX29IPEQoNL2cvMTFnYmtyZGR3MhgAOgMI8A0%3D&hl=zh-Hant-TW&gl=tw&fo_m=MfohQo559jFvMUOzJVpjPL1YMfZ3bInYwBDuMfaXTPp5KXh-&utm_source=tactile&gei=krc4aqmXCa3O1e8P08Hv4Qw&ei=krc4aqmXCa3O1e8P08Hv4Qw&fo_s=OA,SOE&opi=79508299&ebb=1&cs=0&foub=mcpp",
truedan-tw-58-01,基隆新豐店,北部,基隆市,中正區,基隆市中正區新豐街351號,02-24698969,10:00~22:00,confirmed,button_confirmed_provider_pending,True,True,,,Ocard; foodpanda,foodpanda,https://www.truedan.com.tw/portal_d1_cnt.php?s_contury=1&s_city=58,https://www.truedan.com.tw/portal_d1_cnt.php?s_contury=1&s_city=58,"https://www.google.com/maps/place/%E7%8F%8D%E7%85%AE%E4%B8%B9%E5%9F%BA%E9%9A%86%E6%96%B0%E8%B1%90%E5%BA%97/@25.1355965,121.7865893,17z/data=!3m1!4b1!4m6!3m5!1s0x345d4f87a598a65d:0xc0745a5c185192dd!8m2!3d25.1355965!4d121.7865893!16s%2Fg%2F11yqr8qc8k?entry=ttu&g_ep=EgoyMDI2MDYxNi4wIKXMDSoASAFQAw%3D%3D","https://www.google.com/searchviewer/42?cvd=CLw_EicKJeICIjIgEhkiF9LX29IPEQoNL2cvMTF5cXI4cWM4axgAOgMI8A0%3D&hl=zh-Hant-TW&gl=tw&fo_m=MfohQo559jFvMUOzJVpjPL1YMfZ3bInYwBDuMfaXTPp5KXh-&utm_source=tactile&gei=oLc4asCUIseyvr0PqrC8kAg&ei=oLc4asCUIseyvr0PqrC8kAg&fo_s=OA,SOE&opi=79508299&ebb=1&cs=0&foub=mcpp",
truedan-tw-58-02,基隆義二店,北部,基隆市,中正區,基隆市中正區義二路16號,02-24257030,10:00~22:00,confirmed,button_confirmed_provider_pending,True,True,,,Ocard; foodpanda,foodpanda,https://www.truedan.com.tw/portal_d1_cnt.php?s_contury=1&s_city=58,https://www.truedan.com.tw/portal_d1_cnt.php?s_contury=1&s_city=58,"https://www.google.com/maps/place/%E7%8F%8D%E7%85%AE%E4%B8%B9%E5%9F%BA%E9%9A%86%E7%BE%A9%E4%BA%8C%E5%BA%97/@25.1307395,121.745375,17z/data=!3m1!4b1!4m6!3m5!1s0x345d4fcb0362c41f:0xe5cb568ad0970e1e!8m2!3d25.1307395!4d121.745375!16s%2Fg%2F11j9cyfycs?entry=ttu&g_ep=EgoyMDI2MDYxNi4wIKXMDSoASAFQAw%3D%3D","https://www.google.com/searchviewer/42?cvd=CLw_EicKJeICIjIgEhkiF9LX29IPEQoNL2cvMTFqOWN5ZnljcxgAOgMI8A0%3D&hl=zh-Hant-TW&gl=tw&fo_m=MfohQo559jFvMUOzJVpjPL1YMfZ3bInYwBDuMfaXTPp5KXh-&utm_source=tactile&gei=sbc4aoWdNNP21e8PosCB4Ao&ei=sbc4aoWdNNP21e8PosCB4Ao&fo_s=OA,SOE&opi=79508299&ebb=1&cs=0&foub=mcpp",
truedan-tw-15-08,三峽北大店,北部,新北市,三峽區,新北市三峽區大學路145號,02-8672-1007,10:30-21:30,confirmed,button_confirmed_provider_pending,True,True,,,Ocard; foodpanda,foodpanda,https://www.truedan.com.tw/portal_d1_cnt.php?s_contury=1&s_city=15,https://www.truedan.com.tw/portal_d1_cnt.php?s_contury=1&s_city=15,"https://www.google.com/maps/place/%E7%8F%8D%E7%85%AE%E4%B8%B9+%E4%B8%89%E5%B3%BD%E5%8C%97%E5%A4%A7%E5%BA%97/@24.9439864,121.3741868,17z/data=!3m1!4b1!4m6!3m5!1s0x34681d81e077c171:0x42e7304d68d7485d!8m2!3d24.9439864!4d121.3741868!16s%2Fg%2F11h4kt_yr6?entry=ttu&g_ep=EgoyMDI2MDYxNi4wIKXMDSoASAFQAw%3D%3D","https://www.google.com/searchviewer/42?cvd=CLw_EicKJeICIjIgEhkiF9LX29IPEQoNL2cvMTFoNGt0X3lyNhgAOgMI8A0%3D&hl=zh-Hant-TW&gl=tw&fo_m=MfohQo559jFvMUOzJVpjPL1YMfZ3bInYwBDuMfaXTPp5KXh-&utm_source=tactile&gei=v7c4aszDN8-ovr0P-LG3wAQ&ei=v7c4aszDN8-ovr0P-LG3wAQ&fo_s=OA,SOE&opi=79508299&ebb=1&cs=0&foub=mcpp",
truedan-tw-15-01,三重中正北店,北部,新北市,三重區,新北市三重區中正北路53號1樓,,10:00-21:00,confirmed,button_confirmed_provider_pending,True,True,,,Ocard; foodpanda,foodpanda,https://www.truedan.com.tw/portal_d1_cnt.php?s_contury=1&s_city=15,https://www.truedan.com.tw/portal_d1_cnt.php?s_contury=1&s_city=15,"https://www.google.com/maps/place/%E7%8F%8D%E7%85%AE%E4%B8%B9%E4%B8%89%E9%87%8D%E4%B8%AD%E6%AD%A3%E5%8C%97%E5%BA%97/@25.062989,121.490784,17z/data=!3m1!4b1!4m6!3m5!1s0x3442a91647ceaef7:0xb17568ae60ff3da3!8m2!3d25.062989!4d121.490784!16s%2Fg%2F11yxgkbd_b?entry=ttu&g_ep=EgoyMDI2MDYxNi4wIKXMDSoASAFQAw%3D%3D","https://www.google.com/searchviewer/42?cvd=CLw_EicKJeICIjIgEhkiF9LX29IPEQoNL2cvMTF5eGdrYmRfYhgAOgMI8A0%3D&hl=zh-Hant-TW&gl=tw&fo_m=MfohQo559jFvMUOzJVpjPL1YMfZ3bInYwBDuMfaXTPp5KXh-&utm_source=tactile&gei=z7c4ap-_GsyPvr0PjJWEgAU&ei=z7c4ap-_GsyPvr0PjJWEgAU&fo_s=OA,SOE&opi=79508299&ebb=1&cs=0&foub=mcpp",
truedan-tw-15-02,中和南勢角店,北部,新北市,中和區,新北市中和區興南路一段94號,02-8668-8813,10:00-22:00,confirmed,button_confirmed_provider_pending,True,True,,,Ocard; foodpanda,foodpanda,https://www.truedan.com.tw/portal_d1_cnt.php?s_contury=1&s_city=15,https://www.truedan.com.tw/portal_d1_cnt.php?s_contury=1&s_city=15,"https://www.google.com/maps/search/%E7%8F%8D%E7%85%AE%E4%B8%B9+%E4%B8%AD%E5%92%8C%E5%8D%97%E5%8B%A2%E8%A7%92%E5%BA%97+%E6%96%B0%E5%8C%97%E5%B8%82%E4%B8%AD%E5%92%8C%E5%8D%80%E8%88%88%E5%8D%97%E8%B7%AF%E4%B8%80%E6%AE%B594%E8%99%9F/@24.9956305,121.5043709,16z/data=!3m1!4b1?entry=ttu&g_ep=EgoyMDI2MDYxNi4wIKXMDSoASAFQAw%3D%3D","https://www.google.com/searchviewer/42?cvd=CLw_EicKJeICIjIgEhkiF9LX29IPEQoNL2cvMTFtdDU2MmIwcxgAOgMI8A0%3D&hl=zh-Hant-TW&gl=tw&fo_m=MfohQo559jFvMUOzJVpjPL1YMfZ3bInYwBDuMfaXTPp5KXh-&utm_source=tactile&gei=4bc4aqXoIo7mosUPuNGEyAk&ei=4bc4aqXoIo7mosUPuNGEyAk&fo_s=OA,SOE&opi=79508299&ebb=1&cs=0&foub=mcpp",
truedan-tw-15-07,中和連城店,北部,新北市,中和區,新北市中和區連城路17號,02-2243-8876,10:00-21:00,confirmed,button_confirmed_provider_pending,True,True,,,Ocard; foodpanda,foodpanda,https://www.truedan.com.tw/portal_d1_cnt.php?s_contury=1&s_city=15,https://www.truedan.com.tw/portal_d1_cnt.php?s_contury=1&s_city=15,"https://www.google.com/maps/place/%E7%8F%8D%E7%85%AE%E4%B8%B9+%E4%B8%AD%E5%92%8C%E9%80%A3%E5%9F%8E%E5%BA%97(%E5%8F%AF%E4%BD%BF%E7%94%A8Ocard%E7%B7%9A%E4%B8%8A%E9%BB%9E%E9%A4%90)/@25.0021161,121.4989568,17z/data=!3m1!4b1!4m6!3m5!1s0x3442a9d6f657cf13:0x6386e450af8601ff!8m2!3d25.0021161!4d121.4989568!16s%2Fg%2F11dxky2tr7?entry=ttu&g_ep=EgoyMDI2MDYxNi4wIKXMDSoASAFQAw%3D%3D","https://www.google.com/searchviewer/42?cvd=CLw_EicKJeICIjIgEhkiF9LX29IPEQoNL2cvMTFkeGt5MnRyNxgAOgMI8A0%3D&hl=zh-Hant-TW&gl=tw&fo_m=MfohQo559jFvMUOzJVpjPL1YMfZ3bInYwBDuMfaXTPp5KXh-&utm_source=tactile&gei=8rc4au2yOt-fvr0Py6yawA0&ei=8rc4au2yOt-fvr0Py6yawA0&fo_s=OA,SOE&opi=79508299&ebb=1&cs=0&foub=mcpp",
truedan-tw-15-04,土城海山店,北部,新北市,,土城區裕民路85號1F,02-8262-9979,一~四10:00~21:00 五10:00~22:00 六11:00~22:00 日11:00~21:00,confirmed,button_confirmed_provider_pending,True,True,,,Ocard; foodpanda,foodpanda,https://www.truedan.com.tw/portal_d1_cnt.php?s_contury=1&s_city=15,https://www.truedan.com.tw/portal_d1_cnt.php?s_contury=1&s_city=15,"https://www.google.com/maps/place/%E7%8F%8D%E7%85%AE%E4%B8%B9+%E5%9C%9F%E5%9F%8E%E6%B5%B7%E5%B1%B1%E5%BA%97+(%E5%A4%96%E9%80%81%E8%AB%8B%E4%BD%BF%E7%94%A8Ocard%E4%B8%8B%E5%96%AE)/@24.9873527,121.4501846,17z/data=!3m1!4b1!4m6!3m5!1s0x3468038925c2d4e3:0xd54346d34734166e!8m2!3d24.9873527!4d121.4501846!16s%2Fg%2F11qnvjt53x?entry=ttu&g_ep=EgoyMDI2MDYxNi4wIKXMDSoASAFQAw%3D%3D","https://www.google.com/searchviewer/42?cvd=CLw_EicKJeICIjIgEhkiF9LX29IPEQoNL2cvMTFxbnZqdDUzeBgAOgMI8A0%3D&hl=zh-Hant-TW&gl=tw&fo_m=MfohQo559jFvMUOzJVpjPL1YMfZ3bInYwBDuMfaXTPp5KXh-&utm_source=tactile&gei=BLg4arjvINKyvr0P_eyVoAU&ei=BLg4arjvINKyvr0P_eyVoAU&fo_s=OA,SOE&opi=79508299&ebb=1&cs=0&foub=mcpp",
truedan-tw-15-05,新店大坪林店,北部,新北市,新店區,新北市新店區北新路三段85號,02-8911-5098,10:00-21:00,confirmed,button_confirmed_provider_pending,True,True,,,Nidin; Ocard; foodpanda,Nidin; foodpanda,https://www.truedan.com.tw/portal_d1_cnt.php?s_contury=1&s_city=15,https://www.truedan.com.tw/portal_d1_cnt.php?s_contury=1&s_city=15,"https://www.google.com/maps/place/%E7%8F%8D%E7%85%AE%E4%B8%B9+%E6%96%B0%E5%BA%97%E5%A4%A7%E5%9D%AA%E6%9E%97%E5%BA%97/@24.9815512,121.5414618,17z/data=!3m1!4b1!4m6!3m5!1s0x34680136bca22a4b:0xe99417e0361a5b3!8m2!3d24.9815512!4d121.5414618!16s%2Fg%2F11lgyffp64?entry=ttu&g_ep=EgoyMDI2MDYxNi4wIKXMDSoASAFQAw%3D%3D","https://www.google.com/searchviewer/42?cvd=CLw_EicKJeICIjIgEhkiF9LX29IPEQoNL2cvMTFsZ3lmZnA2NBgAOgMI8A0%3D&hl=zh-Hant-TW&gl=tw&fo_m=MfohQo559jFvMUOzJVpjPL1YMfZ3bInYwBDuMfaXTPp5KXh-&utm_source=tactile&gei=FLg4arxOgejV7w_LyqSgCA&ei=FLg4arxOgejV7w_LyqSgCA&fo_s=OA,SOE&opi=79508299&ebb=1&cs=0&foub=mcpp",
truedan-tw-15-03,板橋府中店,北部,新北市,板橋區,新北市板橋區中山路一段29號1樓,02-2963-0228,日 ~ 四 11:00-22:00 五 ~ 六 11:00-23:00,confirmed,confirmed,True,True,foodpanda,foodpanda,Nidin; Ocard; foodpanda,foodpanda,https://www.truedan.com.tw/portal_d1_cnt.php?s_contury=1&s_city=15,https://www.truedan.com.tw/portal_d1_cnt.php?s_contury=1&s_city=15,https://www.google.com/search?kgmid=/g/11mvqqw_mq&q=%E7%8F%8D%E7%85%AE%E4%B8%B9%E5%BA%9C%E4%B8%AD%E5%BA%97&source=sh/x/loc/uni/m1/1,https://www.google.com/search?kgmid=/g/11mvqqw_mq&q=%E7%8F%8D%E7%85%AE%E4%B8%B9%E5%BA%9C%E4%B8%AD%E5%BA%97&source=sh/x/loc/uni/m1/1#sv=CAESzQEKuQEStgEKd0FKaVQ0dEk2ekRhOUxhQ0QzNXNPNnFvdkI1M3dKVE1FbVc0eXdPTlNKemVVblIzdUhtNjJUMWVfZEdkT0poQmNEdHhjS2t1cGxudmNhWjNmSWo3VmpLMklTM2d6NHFXTUdtRjdvUi13cWc4SEdpOW5UMjczVWpVEhdRVkE1YXQtekk5bkJ2cjBQMXBEcjZRWRoiQURzcjlmUW9CVFhCcmxVNE5LelBSNFRQa1lQVllrQVo1dxIEODEyNBoBMyoAMAA4AUAAGCogkNaKmwJKAhAB,
truedan-tw-15-06,林口文化店,北部,新北市,林口區,新北市林口區文化二路一段62號1樓之1,02-26090998,五～六 10：00-22：00 日～四 10：00-21：30,confirmed,button_confirmed_provider_pending,True,True,,,Nidin; Ocard; foodpanda,Nidin; foodpanda,https://www.truedan.com.tw/portal_d1_cnt.php?s_contury=1&s_city=15,https://www.truedan.com.tw/portal_d1_cnt.php?s_contury=1&s_city=15,"https://www.google.com/maps/search/%E7%8F%8D%E7%85%AE%E4%B8%B9+%E6%9E%97%E5%8F%A3%E6%96%87%E5%8C%96%E5%BA%97+%E6%96%B0%E5%8C%97%E5%B8%82%E6%9E%97%E5%8F%A3%E5%8D%80%E6%96%87%E5%8C%96%E4%BA%8C%E8%B7%AF%E4%B8%80%E6%AE%B562%E8%99%9F1%E6%A8%93%E4%B9%8B1/@25.0650846,121.3664452,17z/data=!3m1!4b1?entry=ttu&g_ep=EgoyMDI2MDYxNi4wIKXMDSoASAFQAw%3D%3D","https://www.google.com/searchviewer/42?cvd=CLw_EicKJeICIjIgEhkiF9LX29IPEQoNL2cvMTFrMHQwaDEwNRgAOgMI8A0%3D&hl=zh-Hant-TW&gl=tw&fo_m=MfohQo559jFvMUOzJVpjPL1YMfZ3bInYwBDuMfaXTPp5KXh-&utm_source=tactile&gei=K7g4auSMIIqWvr0P1qaW6A8&ei=K7g4auSMIIqWvr0P1qaW6A8&fo_s=OA,SOE&opi=79508299&ebb=1&cs=0&foub=mcpp",
truedan-tw-15-09,汐止中興店,北部,新北市,汐止區,新北市汐止區中興路204號,02-2694-1717,10:30-21:30,confirmed,button_confirmed_provider_pending,True,True,,,Ocard; foodpanda,foodpanda,https://www.truedan.com.tw/portal_d1_cnt.php?s_contury=1&s_city=15,https://www.truedan.com.tw/portal_d1_cnt.php?s_contury=1&s_city=15,"https://www.google.com/maps/place/%E7%8F%8D%E7%85%AE%E4%B8%B9+%E6%B1%90%E6%AD%A2%E4%B8%AD%E8%88%88%E5%BA%97/@25.0661839,121.6314189,17z/data=!3m1!4b1!4m6!3m5!1s0x345d53b041444bcb:0x19ce20c9177d5631!8m2!3d25.0661839!4d121.6314189!16s%2Fg%2F11fr4rg_mh?entry=ttu&g_ep=EgoyMDI2MDYxNi4wIKXMDSoASAFQAw%3D%3D","https://www.google.com/searchviewer/42?cvd=CLw_EicKJeICIjIgEhkiF9LX29IPEQoNL2cvMTFmcjRyZ19taBgAOgMI8A0%3D&hl=zh-Hant-TW&gl=tw&fo_m=MfohQo559jFvMUOzJVpjPL1YMfZ3bInYwBDuMfaXTPp5KXh-&utm_source=tactile&gei=PLg4aqSNH63Bvr0Ps-rVqQ8&ei=PLg4aqSNH63Bvr0Ps-rVqQ8&fo_s=OA,SOE&opi=79508299&ebb=1&cs=0&foub=mcpp",
truedan-tw-13-02,新竹清大店,北部,新竹市,,新竹市建功一路45-3號,03-571-0610,三～五 10:00~22:00 六～二 10:30-22:30,confirmed,button_confirmed_provider_pending,True,True,,,Ocard; foodpanda,foodpanda,https://www.truedan.com.tw/portal_d1_cnt.php?s_contury=1&s_city=13,https://www.truedan.com.tw/portal_d1_cnt.php?s_contury=1&s_city=13,"https://www.google.com/maps/place/%E7%8F%8D%E7%85%AE%E4%B8%B9+%E6%96%B0%E7%AB%B9%E6%B8%85%E5%A4%A7%E5%BA%97/@24.7980048,120.9977792,17z/data=!3m1!4b1!4m6!3m5!1s0x3468373fc634ac99:0x7d93819d9b270130!8m2!3d24.7980048!4d120.9977792!16s%2Fg%2F11jxbhxxzw?entry=ttu&g_ep=EgoyMDI2MDYxNi4wIKXMDSoASAFQAw%3D%3D","https://www.google.com/searchviewer/42?cvd=CLw_EicKJeICIjIgEhkiF9LX29IPEQoNL2cvMTFqeGJoeHh6dxgAOgMI8A0%3D&hl=zh-Hant-TW&gl=tw&fo_m=MfohQo559jFvMUOzJVpjPL1YMfZ3bInYwBDuMfaXTPp5KXh-&utm_source=tactile&gei=Trg4auOGEo7V1e8PiPqJmA0&ei=Trg4auOGEo7V1e8PiPqJmA0&fo_s=OA,SOE&opi=79508299&ebb=1&cs=0&foub=mcpp",
truedan-tw-13-03,竹北三民店,北部,新竹縣,竹北市,新竹縣竹北市三民路276號,03-6567-999,日～四 10:30-22:00 五～六 10:30-22:30,confirmed,button_confirmed_provider_pending,True,True,,,Ocard; foodpanda,foodpanda,https://www.truedan.com.tw/portal_d1_cnt.php?s_contury=1&s_city=13,https://www.truedan.com.tw/portal_d1_cnt.php?s_contury=1&s_city=13,"https://www.google.com/maps/place/%E7%8F%8D%E7%85%AE%E4%B8%B9+%E7%AB%B9%E5%8C%97%E4%B8%89%E6%B0%91%E5%BA%97/@24.8340236,121.0105074,17z/data=!3m1!4b1!4m6!3m5!1s0x34683700a378b1c7:0x289eb83dd13c1cb1!8m2!3d24.8340236!4d121.0105074!16s%2Fg%2F11g2w5lmlf?entry=ttu&g_ep=EgoyMDI2MDYxNi4wIKXMDSoASAFQAw%3D%3D","https://www.google.com/searchviewer/42?cvd=CLw_EicKJeICIjIgEhkiF9LX29IPEQoNL2cvMTFnMnc1bG1sZhgAOgMI8A0%3D&hl=zh-Hant-TW&gl=tw&fo_m=MfohQo559jFvMUOzJVpjPL1YMfZ3bInYwBDuMfaXTPp5KXh-&utm_source=tactile&gei=X7g4aprQEaHGvr0PkpycmAc&ei=X7g4aprQEaHGvr0PkpycmAc&fo_s=OA,SOE&opi=79508299&ebb=1&cs=0&foub=mcpp",
truedan-tw-13-01,竹北文興店,北部,新竹縣,竹北市,新竹縣竹北市文興路一段271號,03-550-5587,10:00-22:00,confirmed,button_confirmed_provider_pending,True,True,,,Ocard; foodpanda,foodpanda,https://www.truedan.com.tw/portal_d1_cnt.php?s_contury=1&s_city=13,https://www.truedan.com.tw/portal_d1_cnt.php?s_contury=1&s_city=13,"https://www.google.com/maps/place/%E7%8F%8D%E7%85%AE%E4%B8%B9%E7%AB%B9%E5%8C%97%E6%96%87%E8%88%88%E5%BA%97/@24.8091521,121.0316114,17z/data=!3m1!4b1!4m6!3m5!1s0x346837c1d1b7bf49:0x49b20b41e46761d7!8m2!3d24.8091521!4d121.0316114!16s%2Fg%2F11qnt8spbq?entry=ttu&g_ep=EgoyMDI2MDYxNi4wIKXMDSoASAFQAw%3D%3D","https://www.google.com/searchviewer/42?cvd=CLw_EicKJeICIjIgEhkiF9LX29IPEQoNL2cvMTFxbnQ4c3BicRgAOgMI8A0%3D&hl=zh-Hant-TW&gl=tw&fo_m=MfohQo559jFvMUOzJVpjPL1YMfZ3bInYwBDuMfaXTPp5KXh-&utm_source=tactile&gei=brg4asqCMrizvr0P1KGC-A4&ei=brg4asqCMrizvr0P1KGC-A4&fo_s=OA,SOE&opi=79508299&ebb=1&cs=0&foub=mcpp",
truedan-tw-14-09,內壢中華店,北部,桃園市,中壢區,桃園市中壢區中華路一段242號,03-4621-688,10：00－22：00,confirmed,button_confirmed_provider_pending,True,True,,,Nidin; Ocard; foodpanda,Nidin; foodpanda,https://www.truedan.com.tw/portal_d1_cnt.php?s_contury=1&s_city=14,https://www.truedan.com.tw/portal_d1_cnt.php?s_contury=1&s_city=14,"https://www.google.com/maps/place/%E7%8F%8D%E7%85%AE%E4%B8%B9%E5%85%A7%E5%A3%A2%E4%B8%AD%E8%8F%AF%E5%BA%97/@24.9732775,121.258503,17z/data=!3m1!4b1!4m6!3m5!1s0x34682138944359b3:0xf19959160f7427d!8m2!3d24.9732775!4d121.258503!16s%2Fg%2F11rndmh1hz?entry=ttu&g_ep=EgoyMDI2MDYxNi4wIKXMDSoASAFQAw%3D%3D","https://www.google.com/searchviewer/42?cvd=CLw_EicKJeICIjIgEhkiF9LX29IPEQoNL2cvMTFybmRtaDFoehgAOgMI8A0%3D&hl=zh-Hant-TW&gl=tw&fo_m=MfohQo559jFvMUOzJVpjPL1YMfZ3bInYwBDuMfaXTPp5KXh-&utm_source=tactile&gei=fbg4aoXJLq6lvr0P3d2lkAo&ei=fbg4aoXJLq6lvr0P3d2lkAo&fo_s=OA,SOE&opi=79508299&ebb=1&cs=0&foub=mcpp",
truedan-tw-14-02,林口長庚店,北部,桃園市,龜山區,桃園市龜山區復興街5號B1(林口長庚醫院地下美食街),03-327-5669/03-3281200#3132,一到五 08:30-20:30 假日 09:30-19:30,confirmed,button_confirmed_provider_pending,True,True,,,Ocard; foodpanda,foodpanda,https://www.truedan.com.tw/portal_d1_cnt.php?s_contury=1&s_city=14,https://www.truedan.com.tw/portal_d1_cnt.php?s_contury=1&s_city=14,"https://www.google.com/maps/search/%E7%8F%8D%E7%85%AE%E4%B8%B9+%E6%9E%97%E5%8F%A3%E9%95%B7%E5%BA%9A%E5%BA%97+%E6%A1%83%E5%9C%92%E5%B8%82%E9%BE%9C%E5%B1%B1%E5%8D%80%E5%BE%A9%E8%88%88%E8%A1%975%E8%99%9FB1(%E6%9E%97%E5%8F%A3%E9%95%B7%E5%BA%9A%E9%86%AB%E9%99%A2%E5%9C%B0%E4%B8%8B%E7%BE%8E%E9%A3%9F%E8%A1%97)/@25.0618245,121.3676652,17z/data=!3m1!4b1?entry=ttu&g_ep=EgoyMDI2MDYxNi4wIKXMDSoASAFQAw%3D%3D","https://www.google.com/searchviewer/42?cvd=CLw_EicKJeICIjIgEhkiF9LX29IPEQoNL2cvMTFqNGtyN3RiZBgAOgMI8A0%3D&hl=zh-Hant-TW&gl=tw&fo_m=MfohQo559jFvMUOzJVpjPL1YMfZ3bInYwBDuMfaXTPp5KXh-&utm_source=tactile&gei=j7g4atSSA6eAvr0PwNKQwAs&ei=j7g4atSSA6eAvr0PwNKQwAs&fo_s=OA,SOE&opi=79508299&ebb=1&cs=0&foub=mcpp",
truedan-tw-14-01,桃園八德興豐店,北部,桃園市,八德區,桃園市八德區興豐路656號1樓,03-373-1098,10:00-21:00,confirmed,button_confirmed_provider_pending,True,True,,,Ocard; foodpanda,foodpanda,https://www.truedan.com.tw/portal_d1_cnt.php?s_contury=1&s_city=14,https://www.truedan.com.tw/portal_d1_cnt.php?s_contury=1&s_city=14,"https://www.google.com/maps/place/%E7%8F%8D%E7%85%AE%E4%B8%B9+%E6%A1%83%E5%9C%92%E5%85%AB%E5%BE%B7%E8%88%88%E8%B1%90%E5%BA%97/@24.9308628,121.2955728,17z/data=!3m1!4b1!4m6!3m5!1s0x3468195f0061e3f3:0x3d4ddba12ee082d7!8m2!3d24.9308628!4d121.2955728!16s%2Fg%2F11z257rn_q?entry=ttu&g_ep=EgoyMDI2MDYxNi4wIKXMDSoASAFQAw%3D%3D","https://www.google.com/searchviewer/42?cvd=CLw_EicKJeICIjIgEhkiF9LX29IPEQoNL2cvMTF6MjU3cm5fcRgAOgMI8A0%3D&hl=zh-Hant-TW&gl=tw&fo_m=MfohQo559jFvMUOzJVpjPL1YMfZ3bInYwBDuMfaXTPp5KXh-&utm_source=tactile&gei=n7g4as6iNsTQ1e8Pq-KZkAQ&ei=n7g4as6iNsTQ1e8Pq-KZkAQ&fo_s=OA,SOE&opi=79508299&ebb=1&cs=0&foub=mcpp",
truedan-tw-14-07,桃園南崁店,北部,桃園市,蘆竹區,桃園市蘆竹區南崁路227號,03-3226-836,09:00-21:00,confirmed,button_confirmed_provider_pending,True,True,,,Ocard; foodpanda,foodpanda,https://www.truedan.com.tw/portal_d1_cnt.php?s_contury=1&s_city=14,https://www.truedan.com.tw/portal_d1_cnt.php?s_contury=1&s_city=14,"https://www.google.com/maps/place/%E7%8F%8D%E7%85%AE%E4%B8%B9%E6%A1%83%E5%9C%92%E5%8D%97%E5%B4%81%E5%BA%97/@25.0485992,121.2933627,17z/data=!3m1!4b1!4m6!3m5!1s0x3442a07638262d51:0xc8ecbd97679fa05a!8m2!3d25.0485992!4d121.2933627!16s%2Fg%2F11f3nlpnry?entry=ttu&g_ep=EgoyMDI2MDYxNi4wIKXMDSoASAFQAw%3D%3D","https://www.google.com/searchviewer/42?cvd=CLw_EicKJeICIjIgEhkiF9LX29IPEQoNL2cvMTFmM25scG5yeRgAOgMI8A0%3D&hl=zh-Hant-TW&gl=tw&fo_m=MfohQo559jFvMUOzJVpjPL1YMfZ3bInYwBDuMfaXTPp5KXh-&utm_source=tactile&gei=sbg4aqWDA8bj1e8Pi96IuQk&ei=sbg4aqWDA8bj1e8Pi96IuQk&fo_s=OA,SOE&opi=79508299&ebb=1&cs=0&foub=mcpp",
truedan-tw-14-08,桃園南平店,北部,桃園市,桃園區,桃園市桃園區南平路215號,03-3168-116,週日～週四 11:00-23:00 週五～週六 11:00-24:00,confirmed,button_confirmed_provider_pending,True,True,,,Ocard; foodpanda,foodpanda,https://www.truedan.com.tw/portal_d1_cnt.php?s_contury=1&s_city=14,https://www.truedan.com.tw/portal_d1_cnt.php?s_contury=1&s_city=14,"https://www.google.com/maps/place/%E7%8F%8D%E7%85%AE%E4%B8%B9+%E6%A1%83%E5%9C%92%E5%8D%97%E5%B9%B3%E5%BA%97/@25.019121,121.3010895,17z/data=!3m1!4b1!4m6!3m5!1s0x34681ffeb7a83543:0x18c0e46bf6cd2a0c!8m2!3d25.019121!4d121.3010895!16s%2Fg%2F11g0sq91xv?entry=ttu&g_ep=EgoyMDI2MDYxNi4wIKXMDSoASAFQAw%3D%3D","https://www.google.com/searchviewer/42?cvd=CLw_EicKJeICIjIgEhkiF9LX29IPEQoNL2cvMTFnMHNxOTF4dhgAOgMI8A0%3D&hl=zh-Hant-TW&gl=tw&fo_m=MfohQo559jFvMUOzJVpjPL1YMfZ3bInYwBDuMfaXTPp5KXh-&utm_source=tactile&gei=wbg4auq_LI6-vr0PoPbiuAU&ei=wbg4auq_LI6-vr0PoPbiuAU&fo_s=OA,SOE&opi=79508299&ebb=1&cs=0&foub=mcpp",
truedan-tw-14-05,桃園大園店,北部,桃園市,大園區,桃園市大園區仁壽路27號,03-3867-082,10:00-22:00,confirmed,confirmed,True,True,foodpanda,foodpanda,Nidin; Ocard; foodpanda,foodpanda,https://www.truedan.com.tw/portal_d1_cnt.php?s_contury=1&s_city=14,https://www.truedan.com.tw/portal_d1_cnt.php?s_contury=1&s_city=14,https://www.google.com/search?kgmid=/g/11frdw_yxp&q=%E7%8F%8D%E7%85%AE%E4%B8%B9%E5%A4%A7%E5%9C%92%E5%BA%97&source=sh/x/loc/uni/m1/1,https://www.google.com/search?kgmid=/g/11frdw_yxp&q=%E7%8F%8D%E7%85%AE%E4%B8%B9%E5%A4%A7%E5%9C%92%E5%BA%97&source=sh/x/loc/uni/m1/1#sv=CAESzQEKuQEStgEKd0FKaVQ0dEplaHdoZnB4WVB2ZDVDOG1VVjhDYmNMWXEwYnJWeFJjX1hYVjR5X1N2VVgzVE1XVEMxYWtEcnROdUVqM2NTTDJaWktaS0xGby1QNmRqT1pRZ1V1RjVJNnJ3bWxoVE1uR2sxMkFrMDQzYVM3M0U2MmdnEhdSMUE1YW9HN0pLbk8xZThQamN5QmdBWRoiQURzcjlmVGtQQXlQd2NkM1BQT1UzUXc1cm9wSUtEQm1PQRIEODEyNBoBMyoAMAA4AUAAGCogitWc_AhKAhAB,
truedan-tw-14-04,桃園桃鶯店,北部,桃園市,桃園區,桃園市桃園區桃鶯路355號,03-366-3588,10:00-22:00,confirmed,button_confirmed_provider_pending,True,True,,,Ocard,,https://www.truedan.com.tw/portal_d1_cnt.php?s_contury=1&s_city=14,https://www.truedan.com.tw/portal_d1_cnt.php?s_contury=1&s_city=14,"https://www.google.com/maps/place/%E7%8F%8D%E7%85%AE%E4%B8%B9+%E6%A1%83%E5%9C%92%E6%A1%83%E9%B6%AF%E5%BA%97/@24.9811214,121.3196863,17z/data=!3m1!4b1!4m6!3m5!1s0x34681f743cd2c39d:0x7cc4c54adaa0b7e0!8m2!3d24.9811214!4d121.3196863!16s%2Fg%2F11qyghy2lq?entry=ttu&g_ep=EgoyMDI2MDYxNi4wIKXMDSoASAFQAw%3D%3D","https://www.google.com/searchviewer/42?cvd=CLw_EicKJeICIjIgEhkiF9LX29IPEQoNL2cvMTFxeWdoeTJscRgAOgMI8A0%3D&hl=zh-Hant-TW&gl=tw&fo_m=MfohQo559jFvMUOzJVpjPL1YMfZ3bInYwBDuMfaXTPp5KXh-&utm_source=tactile&gei=2Lg4asOHM62Cvr0P37fV8A8&ei=2Lg4asOHM62Cvr0P37fV8A8&fo_s=OA,SOE&opi=79508299&ebb=1&cs=0&foub=mcpp","Google Maps online-order entry was visible/opened, but provider rows were not safely parsed. Manual review needed."
truedan-tw-14-03,桃園永安店,北部,桃園市,桃園區,桃園市桃園區永安路777號,03-215-0788,10:00-21:00,confirmed,button_confirmed_provider_pending,True,True,,,Ocard,,https://www.truedan.com.tw/portal_d1_cnt.php?s_contury=1&s_city=14,https://www.truedan.com.tw/portal_d1_cnt.php?s_contury=1&s_city=14,"https://www.google.com/maps/place/%E7%8F%8D%E7%85%AE%E4%B8%B9+%E6%A1%83%E5%9C%92%E6%B0%B8%E5%AE%89%E5%BA%97/@25.0078528,121.2902719,17z/data=!3m1!4b1!4m6!3m5!1s0x34681ff903a7c6b7:0xc7c6c0b7f362d8b8!8m2!3d25.0078528!4d121.2902719!16s%2Fg%2F11qr5t3ddg?entry=ttu&g_ep=EgoyMDI2MDYxNi4wIKXMDSoASAFQAw%3D%3D","https://www.google.com/searchviewer/42?cvd=CLw_EicKJeICIjIgEhkiF9LX29IPEQoNL2cvMTFxcjV0M2RkZxgAOgMI8A0%3D&hl=zh-Hant-TW&gl=tw&fo_m=MfohQo559jFvMUOzJVpjPL1YMfZ3bInYwBDuMfaXTPp5KXh-&utm_source=tactile&gei=6rg4aoavMbaj1e8PqYalYA&ei=6rg4aoavMbaj1e8PqYalYA&fo_s=OA,SOE&opi=79508299&ebb=1&cs=0&foub=mcpp","Google Maps online-order entry was visible/opened, but provider rows were not safely parsed. Manual review needed."
truedan-tw-14-06,桃園龍潭店,北部,桃園市,龍潭區,桃園市龍潭區北龍路156號1樓,03-4992-156,10:00-21:00,confirmed,button_confirmed_provider_pending,True,True,,,Ocard,,https://www.truedan.com.tw/portal_d1_cnt.php?s_contury=1&s_city=14,https://www.truedan.com.tw/portal_d1_cnt.php?s_contury=1&s_city=14,"https://www.google.com/maps/place/%E7%8F%8D%E7%85%AE%E4%B8%B9+%E6%A1%83%E5%9C%92%E9%BE%8D%E6%BD%AD%E5%BA%97/@24.8664719,121.2148443,17z/data=!3m1!4b1!4m6!3m5!1s0x34683d3c86124575:0xdd07ea9eb0d76414!8m2!3d24.8664719!4d121.2148443!16s%2Fg%2F11h4tn_1qj?entry=ttu&g_ep=EgoyMDI2MDYxNi4wIKXMDSoASAFQAw%3D%3D","https://www.google.com/searchviewer/42?cvd=CLw_EicKJeICIjIgEhkiF9LX29IPEQoNL2cvMTFoNHRuXzFxahgAOgMI8A0%3D&hl=zh-Hant-TW&gl=tw&fo_m=MfohQo559jFvMUOzJVpjPL1YMfZ3bInYwBDuMfaXTPp5KXh-&utm_source=tactile&gei=-bg4apC2LaObvr0PvJCymQI&ei=-bg4apC2LaObvr0PvJCymQI&fo_s=OA,SOE&opi=79508299&ebb=1&cs=0&foub=mcpp","Google Maps online-order entry was visible/opened, but provider rows were not safely parsed. Manual review needed."
truedan-tw-39-02,苗栗竹南店,北部,苗栗縣,竹南鎮,苗栗縣竹南鎮照南里博愛街44號1樓,03-7551800,10:30-21:00,confirmed,button_confirmed_provider_pending,True,True,,,Ocard,,https://www.truedan.com.tw/portal_d1_cnt.php?s_contury=1&s_city=39,https://www.truedan.com.tw/portal_d1_cnt.php?s_contury=1&s_city=39,"https://www.google.com/maps/place/%E7%8F%8D%E7%85%AE%E4%B8%B9+%E8%8B%97%E6%A0%97%E7%AB%B9%E5%8D%97%E5%BA%97/@24.6869154,120.8787136,17z/data=!3m1!4b1!4m6!3m5!1s0x3469b3c89bf160ab:0xdc8421d7819a9a61!8m2!3d24.6869154!4d120.8787136!16s%2Fg%2F11j2__v_bp?entry=ttu&g_ep=EgoyMDI2MDYxNi4wIKXMDSoASAFQAw%3D%3D","https://www.google.com/searchviewer/42?cvd=CLw_EicKJeICIjIgEhkiF9LX29IPEQoNL2cvMTFqMl9fdl9icBgAOgMI8A0%3D&hl=zh-Hant-TW&gl=tw&fo_m=MfohQo559jFvMUOzJVpjPL1YMfZ3bInYwBDuMfaXTPp5KXh-&utm_source=tactile&gei=Crk4aoDvB6yj1e8P_f-F6AI&ei=Crk4aoDvB6yj1e8P_f-F6AI&fo_s=OA,SOE&opi=79508299&ebb=1&cs=0&foub=mcpp","Google Maps online-order entry was visible/opened, but provider rows were not safely parsed. Manual review needed."
truedan-tw-39-01,苗栗竹南科專店,北部,苗栗縣,竹南鎮,苗栗縣竹南鎮科專七路448號,03-7580225,10:00–20:00,confirmed,button_confirmed_provider_pending,True,True,,,Ocard,,https://www.truedan.com.tw/portal_d1_cnt.php?s_contury=1&s_city=39,https://www.truedan.com.tw/portal_d1_cnt.php?s_contury=1&s_city=39,https://www.google.com/search?kgmid=/g/11y2dx4vm3&q=%E7%8F%8D%E7%85%AE%E4%B8%B9+%E7%AB%B9%E5%8D%97%E7%A7%91%E5%B0%88%E5%BA%97&source=sh/x/loc/uni/m1/1,"https://www.google.com/searchviewer/42?cvd=CLw_EicKJeICIjIgEhkiF9LX29IPEQoNL2cvMTF5MmR4NHZtMxgAOgMI8A0%3D&hl=zh-Hant-TW&gl=tw&fo_m=MfohQo559jFvMUOzJVpjPL1YMfZ3bInYwBDuMfaXTPp5KXh-&utm_source=tactile&gei=Gbk4avvyOaLh1e8PnNWC8A0&ei=Gbk4avvyOaLh1e8PnNWC8A0&fo_s=OA,SOE&opi=79508299&ebb=1&cs=0&foub=mcpp","User-supplied GMB profile confirmed; Google Order entry was previously visible, but provider rows still need manual review."
truedan-tw-9-03,台南國華店,南部,台南市,中西區,台南市中西區淺草里國華街三段21號1樓,06-2235-156,10:00-22:00,confirmed,button_confirmed_provider_pending,True,True,,,Ocard,,https://www.truedan.com.tw/portal_d1_cnt.php?s_contury=1&s_city=9,https://www.truedan.com.tw/portal_d1_cnt.php?s_contury=1&s_city=9,"https://www.google.com/maps/place/%E7%8F%8D%E7%85%AE%E4%B8%B9+%E5%8F%B0%E5%8D%97%E5%9C%8B%E8%8F%AF%E5%BA%97/@22.9938255,120.1975354,17z/data=!3m1!4b1!4m6!3m5!1s0x346e775e03088837:0x8f3df06c93030ecb!8m2!3d22.9938255!4d120.1975354!16s%2Fg%2F11j535mwfq?entry=ttu&g_ep=EgoyMDI2MDYxNi4wIKXMDSoASAFQAw%3D%3D","https://www.google.com/searchviewer/42?cvd=CLw_EicKJeICIjIgEhkiF9LX29IPEQoNL2cvMTFqNTM1bXdmcRgAOgMI8A0%3D&hl=zh-Hant-TW&gl=tw&fo_m=MfohQo559jFvMUOzJVpjPL1YMfZ3bInYwBDuMfaXTPp5KXh-&utm_source=tactile&gei=Kbk4av7_N7agvr0P69KI0Aw&ei=Kbk4av7_N7agvr0P69KI0Aw&fo_s=OA,SOE&opi=79508299&ebb=1&cs=0&foub=mcpp","Google Maps online-order entry was visible/opened, but provider rows were not safely parsed. Manual review needed."
truedan-tw-9-02,台南大灣店,南部,台南市,永康區,台南市永康區大灣路906之1號,06-207-3766,09:00-24:00,confirmed,button_confirmed_provider_pending,True,True,,,Ocard,,https://www.truedan.com.tw/portal_d1_cnt.php?s_contury=1&s_city=9,https://www.truedan.com.tw/portal_d1_cnt.php?s_contury=1&s_city=9,"https://www.google.com/maps/place/%E7%8F%8D%E7%85%AE%E4%B8%B9+%E5%8F%B0%E5%8D%97%E5%A4%A7%E7%81%A3%E5%BA%97/@22.9996909,120.2557617,17z/data=!3m1!4b1!4m6!3m5!1s0x346e716966c777fb:0xc4da9880b3614002!8m2!3d22.9996909!4d120.2557617!16s%2Fg%2F11s7z04hpf?entry=ttu&g_ep=EgoyMDI2MDYxNi4wIKXMDSoASAFQAw%3D%3D","https://www.google.com/searchviewer/42?cvd=CLw_EicKJeICIjIgEhkiF9LX29IPEQoNL2cvMTFzN3owNGhwZhgAOgMI8A0%3D&hl=zh-Hant-TW&gl=tw&fo_m=MfohQo559jFvMUOzJVpjPL1YMfZ3bInYwBDuMfaXTPp5KXh-&utm_source=tactile&gei=O7k4apqEGY-Rvr0P5vCD-Ag&ei=O7k4apqEGY-Rvr0P5vCD-Ag&fo_s=OA,SOE&opi=79508299&ebb=1&cs=0&foub=mcpp","Google Maps online-order entry was visible/opened, but provider rows were not safely parsed. Manual review needed."
truedan-tw-9-01,台南誠品店,南部,台南市,南區,台南市南區中華西路一段76號2樓,0911-398-326,11:00-22:00 Line：@031eusee,confirmed,button_confirmed_provider_pending,True,True,,,Ocard,,https://www.truedan.com.tw/portal_d1_cnt.php?s_contury=1&s_city=9,https://www.truedan.com.tw/portal_d1_cnt.php?s_contury=1&s_city=9,"https://www.google.com/maps/search/%E7%8F%8D%E7%85%AE%E4%B8%B9+%E5%8F%B0%E5%8D%97%E8%AA%A0%E5%93%81%E5%BA%97+%E5%8F%B0%E5%8D%97%E5%B8%82%E5%8D%97%E5%8D%80%E4%B8%AD%E8%8F%AF%E8%A5%BF%E8%B7%AF%E4%B8%80%E6%AE%B576%E8%99%9F2%E6%A8%93/@22.9830202,120.1908496,15z/data=!3m1!4b1?entry=ttu&g_ep=EgoyMDI2MDYxNi4wIKXMDSoASAFQAw%3D%3D","https://www.google.com/searchviewer/42?cvd=CLw_EicKJeICIjIgEhkiF9LX29IPEQoNL2cvMTF5ZnM3czNnORgBOgMI8A0%3D&hl=zh-Hant-TW&gl=tw&fo_m=MfohQo559jFvMUOzJVpjPL1YMfZ3bInYwBDuMfaXTPp5KXh-&utm_source=tactile&gei=Srk4arPoKL7-1e8P9puIsAs&ei=Srk4arPoKL7-1e8P9puIsAs&fo_s=OA,SOE&opi=79508299&orderType=1&ebb=1&cs=0&foub=mcpp","Google Maps online-order entry was visible/opened, but provider rows were not safely parsed. Manual review needed."
truedan-tw-9-04,永康中華店,南部,台南市,永康區,台南市永康區中華路479號一樓,06-3026-682,一～五 09:00-22:00 六～日 10:00-22:00(含國定假日),confirmed,button_confirmed_provider_pending,True,True,,,Ocard,,https://www.truedan.com.tw/portal_d1_cnt.php?s_contury=1&s_city=9,https://www.truedan.com.tw/portal_d1_cnt.php?s_contury=1&s_city=9,"https://www.google.com/maps/place/%E7%8F%8D%E7%85%AE%E4%B8%B9+%E6%B0%B8%E5%BA%B7%E4%B8%AD%E8%8F%AF%E5%BA%97/@23.0113883,120.2319179,17z/data=!3m1!4b1!4m6!3m5!1s0x346e773f343b3045:0x95e34152d13e7260!8m2!3d23.0113883!4d120.2319179!16s%2Fg%2F11k5bcn9ph?entry=ttu&g_ep=EgoyMDI2MDYxNi4wIKXMDSoASAFQAw%3D%3D","https://www.google.com/searchviewer/42?cvd=CLw_EicKJeICIjIgEhkiF9LX29IPEQoNL2cvMTFrNWJjbjlwaBgAOgMI8A0%3D&hl=zh-Hant-TW&gl=tw&fo_m=MfohQo559jFvMUOzJVpjPL1YMfZ3bInYwBDuMfaXTPp5KXh-&utm_source=tactile&gei=Wrk4apCaNLq4vr0Pt6yp-Ak&ei=Wrk4apCaNLq4vr0Pt6yp-Ak&fo_s=OA,SOE&opi=79508299&ebb=1&cs=0&foub=mcpp","Google Maps online-order entry was visible/opened, but provider rows were not safely parsed. Manual review needed."
truedan-tw-10-01,嘉義民雄店,南部,嘉義縣,民雄鄉,嘉義縣民雄鄉中樂村民生路3號1樓,05-226-8776,10:00-21:30,confirmed,button_confirmed_provider_pending,True,True,,,Ocard,,https://www.truedan.com.tw/portal_d1_cnt.php?s_contury=1&s_city=10,https://www.truedan.com.tw/portal_d1_cnt.php?s_contury=1&s_city=10,"https://www.google.com/maps/place/%E7%8F%8D%E7%85%AE%E4%B8%B9+%E5%98%89%E7%BE%A9%E6%B0%91%E9%9B%84%E5%BA%97/@23.5564387,120.4308047,17z/data=!3m1!4b1!4m6!3m5!1s0x346ebdf835992489:0xdcf17cf9e77db0ec!8m2!3d23.5564387!4d120.4308047!16s%2Fg%2F11p0ck78t9?entry=ttu&g_ep=EgoyMDI2MDYxNi4wIKXMDSoASAFQAw%3D%3D","https://www.google.com/searchviewer/42?cvd=CLw_EicKJeICIjIgEhkiF9LX29IPEQoNL2cvMTFwMGNrNzh0ORgAOgMI8A0%3D&hl=zh-Hant-TW&gl=tw&fo_m=MfohQo559jFvMUOzJVpjPL1YMfZ3bInYwBDuMfaXTPp5KXh-&utm_source=tactile&gei=ark4as_IJ_iyvr0P_4SNoA0&ei=ark4as_IJ_iyvr0P_4SNoA0&fo_s=OA,SOE&opi=79508299&ebb=1&cs=0&foub=mcpp","Google Maps online-order entry was visible/opened, but provider rows were not safely parsed. Manual review needed."
truedan-tw-40-01,屏東中正店,南部,屏東縣,,屏東市中正路141-1號,08-7322591,09:00-21:00,confirmed,button_confirmed_provider_pending,True,True,,,Ocard,,https://www.truedan.com.tw/portal_d1_cnt.php?s_contury=1&s_city=40,https://www.truedan.com.tw/portal_d1_cnt.php?s_contury=1&s_city=40,"https://www.google.com/maps/place/%E7%8F%8D%E7%85%AE%E4%B8%B9%E5%B1%8F%E6%9D%B1%E4%B8%AD%E6%AD%A3%E5%BA%97/@22.6762476,120.4899891,17z/data=!3m1!4b1!4m6!3m5!1s0x346e177335d96dc3:0xe46f2ddaf855d8ae!8m2!3d22.6762476!4d120.4899891!16s%2Fg%2F11j2rgt_6z?entry=ttu&g_ep=EgoyMDI2MDYxNi4wIKXMDSoASAFQAw%3D%3D","https://www.google.com/searchviewer/42?cvd=CLw_EicKJeICIjIgEhkiF9LX29IPEQoNL2cvMTFqMnJndF82ehgAOgMI8A0%3D&hl=zh-Hant-TW&gl=tw&fo_m=MfohQo559jFvMUOzJVpjPL1YMfZ3bInYwBDuMfaXTPp5KXh-&utm_source=tactile&gei=fLk4arawG-e7vr0PhtiCsAE&ei=fLk4arawG-e7vr0PhtiCsAE&fo_s=OA,SOE&opi=79508299&ebb=1&cs=0&foub=mcpp","Google Maps online-order entry was visible/opened, but provider rows were not safely parsed. Manual review needed."
truedan-tw-5-05,小港漢民店,南部,高雄市,小港區,高雄市小港區漢民路733-1號,07-801-8383,10:00-20:00,confirmed,button_confirmed_provider_pending,True,True,,,Ocard,,https://www.truedan.com.tw/portal_d1_cnt.php?s_contury=1&s_city=5,https://www.truedan.com.tw/portal_d1_cnt.php?s_contury=1&s_city=5,"https://www.google.com/maps/place/%E7%8F%8D%E7%85%AE%E4%B8%B9%E5%B0%8F%E6%B8%AF%E6%BC%A2%E6%B0%91%E5%BA%97/@22.568095,120.3630017,17z/data=!3m1!4b1!4m6!3m5!1s0x346e1d58dfc4e765:0xaa8d5ab7f5a0e252!8m2!3d22.568095!4d120.3630017!16s%2Fg%2F11jvk6fqls?entry=ttu&g_ep=EgoyMDI2MDYxNi4wIKXMDSoASAFQAw%3D%3D","https://www.google.com/searchviewer/42?cvd=CLw_EicKJeICIjIgEhkiF9LX29IPEQoNL2cvMTFqdms2ZnFscxgAOgMI8A0%3D&hl=zh-Hant-TW&gl=tw&fo_m=MfohQo559jFvMUOzJVpjPL1YMfZ3bInYwBDuMfaXTPp5KXh-&utm_source=tactile&gei=jLk4aqblM8iNvr0Pp_ik0QQ&ei=jLk4aqblM8iNvr0Pp_ik0QQ&fo_s=OA,SOE&opi=79508299&ebb=1&cs=0&foub=mcpp","Google Maps online-order entry was visible/opened, but provider rows were not safely parsed. Manual review needed."
truedan-tw-5-04,楠梓德賢店,南部,高雄市,楠梓區,高雄市楠梓區德賢路247號,07-301-0768,一～五09:00~21:00、六～日10:00~21:00,confirmed,button_confirmed_provider_pending,True,True,,,Ocard,,https://www.truedan.com.tw/portal_d1_cnt.php?s_contury=1&s_city=5,https://www.truedan.com.tw/portal_d1_cnt.php?s_contury=1&s_city=5,"https://www.google.com/maps/place/%E7%8F%8D%E7%85%AE%E4%B8%B9%E6%A5%A0%E6%A2%93%E5%BE%B7%E8%B3%A2%E5%BA%97/@22.7262286,120.3049141,17z/data=!3m1!4b1!4m6!3m5!1s0x346e0fc6c8a7bc51:0x50e4d5b7250f7ef6!8m2!3d22.7262286!4d120.3049141!16s%2Fg%2F11qn7v7d_d?entry=ttu&g_ep=EgoyMDI2MDYxNi4wIKXMDSoASAFQAw%3D%3D","https://www.google.com/searchviewer/42?cvd=CLw_EicKJeICIjIgEhkiF9LX29IPEQoNL2cvMTFxbjd2N2RfZBgAOgMI8A0%3D&hl=zh-Hant-TW&gl=tw&fo_m=MfohQo559jFvMUOzJVpjPL1YMfZ3bInYwBDuMfaXTPp5KXh-&utm_source=tactile&gei=nbk4asnQGsvn1e8Pse6egAw&ei=nbk4asnQGsvn1e8Pse6egAw&fo_s=OA,SOE&opi=79508299&ebb=1&cs=0&foub=mcpp","Google Maps online-order entry was visible/opened, but provider rows were not safely parsed. Manual review needed."
truedan-tw-5-07,漢神巨蛋店,南部,高雄市,左營區,高雄市左營區博愛二路777號B1,07-5866-460,一～四 11:00-22:00五～六 11:00~22:30日 10:30~22:00,confirmed,confirmed,True,True,foodpanda,foodpanda,Nidin; foodpanda,foodpanda,https://www.truedan.com.tw/portal_d1_cnt.php?s_contury=1&s_city=5,https://www.truedan.com.tw/portal_d1_cnt.php?s_contury=1&s_city=5,https://www.google.com/search?kgmid=/g/11lh6g80vv&q=%E7%8F%8D%E7%85%AE%E4%B8%B9+%E9%AB%98%E9%9B%84%E6%BC%A2%E7%A5%9E%E5%B7%A8%E8%9B%8B%E8%B3%BC%E7%89%A9%E5%BB%A3%E5%A0%B4%E5%BA%97&source=sh/x/loc/uni/m1/1,https://www.google.com/search?kgmid=/g/11lh6g80vv&q=%E7%8F%8D%E7%85%AE%E4%B8%B9+%E9%AB%98%E9%9B%84%E6%BC%A2%E7%A5%9E%E5%B7%A8%E8%9B%8B%E8%B3%BC%E7%89%A9%E5%BB%A3%E5%A0%B4%E5%BA%97&source=sh/x/loc/uni/m1/1#sv=CAESzQEKuQEStgEKd0FKaVQ0dEw1eUNwc19fRTZ5N29VM2xWVnpybzRuSHJtX0oyRXlkVUVHNkEwZ2ZBa25aMGh0ZXIxdkNyTjY5LS1BQlNOcVRrSzdKM0pHVXRKNjNLMnV6ZUctNktmM2NaNXhBMmJoRmlWckNJQ29oTlA4WmFZR3NnEhdUVkE1YXVuOUhNRGwxZThQc3AyQ3VBRRoiQURzcjlmUkJ2eGVOYTlHd25YZjNhZkx4VnRLQXR1UUU2dxIEODEyNBoBMyoAMAA4AUAAGCogrJr0_g1KAhAB,
truedan-tw-5-03,高雄岡山店,南部,高雄市,岡山區,高雄市岡山區公園西路三段45號,07-625-5878,一～五09:00~21:00、六～日10:00~21:00,confirmed,button_confirmed_provider_pending,True,True,,,Ocard,,https://www.truedan.com.tw/portal_d1_cnt.php?s_contury=1&s_city=5,https://www.truedan.com.tw/portal_d1_cnt.php?s_contury=1&s_city=5,"https://www.google.com/maps/place/%E7%8F%8D%E7%85%AE%E4%B8%B9%E9%AB%98%E9%9B%84%E5%B2%A1%E5%B1%B1%E5%BA%97/@22.7952725,120.2851862,17z/data=!3m1!4b1!4m6!3m5!1s0x346e0d8a09a32b65:0x5bbe647be99a7aad!8m2!3d22.7952725!4d120.2851862!16s%2Fg%2F11pwy9gy12?entry=ttu&g_ep=EgoyMDI2MDYxNi4wIKXMDSoASAFQAw%3D%3D","https://www.google.com/searchviewer/42?cvd=CLw_EicKJeICIjIgEhkiF9LX29IPEQoNL2cvMTFwd3k5Z3kxMhgAOgMI8A0%3D&hl=zh-Hant-TW&gl=tw&fo_m=MfohQo559jFvMUOzJVpjPL1YMfZ3bInYwBDuMfaXTPp5KXh-&utm_source=tactile&gei=trk4aoe_FoKk1e8Pq_2DgA8&ei=trk4aoe_FoKk1e8Pq_2DgA8&fo_s=OA,SOE&opi=79508299&ebb=1&cs=0&foub=mcpp","Google Maps online-order entry was visible/opened, but provider rows were not safely parsed. Manual review needed."
truedan-tw-5-06,高雄左營店,南部,高雄市,左營區,高雄市左營區華夏路710號,07-3456-739,10:00-21:00,confirmed,button_confirmed_provider_pending,True,True,,,Ocard,,https://www.truedan.com.tw/portal_d1_cnt.php?s_contury=1&s_city=5,https://www.truedan.com.tw/portal_d1_cnt.php?s_contury=1&s_city=5,"https://www.google.com/maps/place/%E7%8F%8D%E7%85%AE%E4%B8%B9+%E9%AB%98%E9%9B%84%E5%B7%A6%E7%87%9F%E5%BA%97/@22.677876,120.3022796,17z/data=!3m1!4b1!4m6!3m5!1s0x346e05583b125439:0x32097b439fae8b49!8m2!3d22.677876!4d120.3022796!16s%2Fg%2F11fp8jmxgr?entry=ttu&g_ep=EgoyMDI2MDYxNi4wIKXMDSoASAFQAw%3D%3D","https://www.google.com/searchviewer/42?cvd=CLw_EicKJeICIjIgEhkiF9LX29IPEQoNL2cvMTFmcDhqbXhnchgAOgMI8A0%3D&hl=zh-Hant-TW&gl=tw&fo_m=MfohQo559jFvMUOzJVpjPL1YMfZ3bInYwBDuMfaXTPp5KXh-&utm_source=tactile&gei=xbk4apqVLPLM1e8Ppq7KsQ4&ei=xbk4apqVLPLM1e8Ppq7KsQ4&fo_s=OA,SOE&opi=79508299&ebb=1&cs=0&foub=mcpp","Google Maps online-order entry was visible/opened, but provider rows were not safely parsed. Manual review needed."
truedan-tw-5-01,高雄旗山店,南部,高雄市,旗山區,高雄市旗山區延平一路645號,07-6627893,09:00-21:00,confirmed,button_confirmed_provider_pending,True,True,,,Ocard,,https://www.truedan.com.tw/portal_d1_cnt.php?s_contury=1&s_city=5,https://www.truedan.com.tw/portal_d1_cnt.php?s_contury=1&s_city=5,"https://www.google.com/maps/place/%E7%8F%8D%E7%85%AE%E4%B8%B9+%E9%AB%98%E9%9B%84%E6%97%97%E5%B1%B1%E5%BA%97/@22.8846366,120.4832314,17z/data=!3m1!4b1!4m6!3m5!1s0x346e6b003255604b:0x7f7b778efd662717!8m2!3d22.8846366!4d120.4832314!16s%2Fg%2F11vx3jxvqs?entry=ttu&g_ep=EgoyMDI2MDYxNi4wIKXMDSoASAFQAw%3D%3D","https://www.google.com/searchviewer/42?cvd=CLw_EicKJeICIjIgEhkiF9LX29IPEQoNL2cvMTF2eDNqeHZxcxgAOgMI8A0%3D&hl=zh-Hant-TW&gl=tw&fo_m=MfohQo559jFvMUOzJVpjPL1YMfZ3bInYwBDuMfaXTPp5KXh-&utm_source=tactile&gei=1rk4avK9Bf2Ivr0P_-ykoQg&ei=1rk4avK9Bf2Ivr0P_-ykoQg&fo_s=OA,SOE&opi=79508299&ebb=1&cs=0&foub=mcpp","Google Maps online-order entry was visible/opened, but provider rows were not safely parsed. Manual review needed."
truedan-tw-5-08,高雄苓雅店,南部,高雄市,苓雅區,高雄市苓雅區自強3路177號1樓,07-2693762,平日營業時間:10:00~19:00 六日營業時間:10:00~22:00,confirmed,button_confirmed_provider_pending,True,True,,,Ocard,,https://www.truedan.com.tw/portal_d1_cnt.php?s_contury=1&s_city=5,https://www.truedan.com.tw/portal_d1_cnt.php?s_contury=1&s_city=5,"https://www.google.com/maps/place/%E7%8F%8D%E7%85%AE%E4%B8%B9+%E9%AB%98%E9%9B%84%E8%8B%93%E9%9B%85%E5%BA%97/@22.6180843,120.2979538,17z/data=!3m1!4b1!4m6!3m5!1s0x346e050c810106e5:0x891e53df1c21e41c!8m2!3d22.6180843!4d120.2979538!16s%2Fg%2F11j301ssq1?entry=ttu&g_ep=EgoyMDI2MDYxNi4wIKXMDSoASAFQAw%3D%3D","https://www.google.com/searchviewer/42?cvd=CLw_EicKJeICIjIgEhkiF9LX29IPEQoNL2cvMTFqMzAxc3NxMRgAOgMI8A0%3D&hl=zh-Hant-TW&gl=tw&fo_m=MfohQo559jFvMUOzJVpjPL1YMfZ3bInYwBDuMfaXTPp5KXh-&utm_source=tactile&gei=5rk4apq6IYKjvr0Pk6iC8AU&ei=5rk4apq6IYKjvr0Pk6iC8AU&fo_s=OA,SOE&opi=79508299&ebb=1&cs=0&foub=mcpp","Google Maps online-order entry was visible/opened, but provider rows were not safely parsed. Manual review needed."
truedan-tw-5-02,高雄路竹店,南部,高雄市,路竹區,高雄市路竹區大社路83號,07-696-1559,09:00-20:00,confirmed,button_confirmed_provider_pending,True,True,,,Ocard,,https://www.truedan.com.tw/portal_d1_cnt.php?s_contury=1&s_city=5,https://www.truedan.com.tw/portal_d1_cnt.php?s_contury=1&s_city=5,"https://www.google.com/maps/place/TRUEDAN/@22.8638092,120.262501,17z/data=!3m1!4b1!4m6!3m5!1s0x346e0d849cbc8129:0xc6ae904d5c7f88f6!8m2!3d22.8638092!4d120.262501!16s%2Fg%2F11t_gvk_vh?entry=ttu&g_ep=EgoyMDI2MDYxNi4wIKXMDSoASAFQAw%3D%3D","https://www.google.com/searchviewer/42?cvd=CLw_EicKJeICIjIgEhkiF9LX29IPEQoNL2cvMTF0X2d2a192aBgAOgMI8A0%3D&hl=zh-Hant-TW&gl=tw&fo_m=MfohQo559jFvMUOzJVpjPL1YMfZ3bInYwBDuMfaXTPp5KXh-&utm_source=tactile&gei=9bk4arKAPIKjvr0Pk6iC8AU&ei=9bk4arKAPIKjvr0Pk6iC8AU&fo_s=OA,SOE&opi=79508299&ebb=1&cs=0&foub=mcpp","Google Maps online-order entry was visible/opened, but provider rows were not safely parsed. Manual review needed."
truedan-tw-6-01,花蓮中正店,東部,花蓮縣,,花蓮市中正路567號,03-8335-968,10:00-22:00,confirmed,button_confirmed_provider_pending,True,True,,,Ocard,,https://www.truedan.com.tw/portal_d1_cnt.php?s_contury=1&s_city=6,https://www.truedan.com.tw/portal_d1_cnt.php?s_contury=1&s_city=6,"https://www.google.com/maps/place/%E7%8F%8D%E7%85%AE%E4%B8%B9%E8%8A%B1%E8%93%AE%E4%B8%AD%E6%AD%A3%E5%BA%97/@23.9776397,121.607749,17z/data=!3m1!4b1!4m6!3m5!1s0x34689ff18e76369b:0x24d7968853323c41!8m2!3d23.9776397!4d121.607749!16s%2Fg%2F11hz_ksbdt?entry=ttu&g_ep=EgoyMDI2MDYxNi4wIKXMDSoASAFQAw%3D%3D","https://www.google.com/searchviewer/42?cvd=CLw_EicKJeICIjIgEhkiF9LX29IPEQoNL2cvMTFoel9rc2JkdBgAOgMI8A0%3D&hl=zh-Hant-TW&gl=tw&fo_m=MfohQo559jFvMUOzJVpjPL1YMfZ3bInYwBDuMfaXTPp5KXh-&utm_source=tactile&gei=BLo4aumtMdHT1e8P1dKB0AE&ei=BLo4aumtMdHT1e8P1dKB0AE&fo_s=OA,SOE&opi=79508299&ebb=1&cs=0&foub=mcpp","Google Maps online-order entry was visible/opened, but provider rows were not safely parsed. Manual review needed."
truedan-tw-45-01,澎湖馬公店,離島,澎湖縣,馬公市,澎湖縣馬公市中正路42號,06-9266050,10:00-22:00,confirmed,button_confirmed_provider_pending,True,True,,,Ocard,,https://www.truedan.com.tw/portal_d1_cnt.php?s_contury=1&s_city=45,https://www.truedan.com.tw/portal_d1_cnt.php?s_contury=1&s_city=45,"https://www.google.com/maps/place/%E7%8F%8D%E7%85%AE%E4%B8%B9+%E6%BE%8E%E6%B9%96%E9%A6%AC%E5%85%AC%E5%BA%97/@23.5656958,119.5654261,17z/data=!3m1!4b1!4m6!3m5!1s0x346c5b17faf56207:0xeb3bd4415ffc6cba!8m2!3d23.5656958!4d119.5654261!16s%2Fg%2F11ll421hmr?entry=ttu&g_ep=EgoyMDI2MDYxNi4wIKXMDSoASAFQAw%3D%3D","https://www.google.com/searchviewer/42?cvd=CLw_EicKJeICIjIgEhkiF9LX29IPEQoNL2cvMTFsbDQyMWhtchgAOgMI8A0%3D&hl=zh-Hant-TW&gl=tw&fo_m=MfohQo559jFvMUOzJVpjPL1YMfZ3bInYwBDuMfaXTPp5KXh-&utm_source=tactile&gei=Fbo4arH5JIKjvr0Pk6iC8AU&ei=Fbo4arH5JIKjvr0Pk6iC8AU&fo_s=OA,SOE&opi=79508299&ebb=1&cs=0&foub=mcpp","Google Maps online-order entry was visible/opened, but provider rows were not safely parsed. Manual review needed."
truedan-tw-59-01,金門金湖店,離島,金門縣,金湖鎮,金門縣金湖鎮太湖路二段203號,（082）338656,10:00~20:00,confirmed,button_confirmed_provider_pending,True,True,,,Ocard,,https://www.truedan.com.tw/portal_d1_cnt.php?s_contury=1&s_city=59,https://www.truedan.com.tw/portal_d1_cnt.php?s_contury=1&s_city=59,"https://www.google.com/maps/place/%E7%8F%8D%E7%85%AE%E4%B8%B9%E9%87%91%E9%96%80%E9%87%91%E6%B9%96%E5%BA%97/@24.4389454,118.4183073,17z/data=!3m1!4b1!4m6!3m5!1s0x3414a50065a2e827:0x64363d74cd0dbae6!8m2!3d24.4389454!4d118.4183073!16s%2Fg%2F11vwgbpvgm?entry=ttu&g_ep=EgoyMDI2MDYxNi4wIKXMDSoASAFQAw%3D%3D","https://www.google.com/searchviewer/42?cvd=CLw_EicKJeICIjIgEhkiF9LX29IPEQoNL2cvMTF2d2dicHZnbRgAOgMI8A0%3D&hl=zh-Hant-TW&gl=tw&fo_m=MfohQo559jFvMUOzJVpjPL1YMfZ3bInYwBDuMfaXTPp5KXh-&utm_source=tactile&gei=J7o4atmSA6iWvr0PyL-y-Ao&ei=J7o4atmSA6iWvr0PyL-y-Ao&fo_s=OA,SOE&opi=79508299&ebb=1&cs=0&foub=mcpp","Google Maps online-order entry was visible/opened, but provider rows were not safely parsed. Manual review needed."
