storeId,storeName,regionGroup,city,district,address,phone,hours,gmbStatus,gmbOrderingStatus,hasAnyOrderingSystem,hasGmbOrderingSystem,allSourceSystems,gmbSystems,officialSourceUrl,officialStoreUrl,gmbUrl,evidenceLinks,manualReviewReason
daming-024,台北伊通店,北部,台北市,中山區,台北市中山區伊通街123號,02-25007350,10:30~20:30,confirmed,confirmed,True,True,Nidin、Uber Eats,Uber Eats,https://www.damingtea.com.tw/stores/,,https://maps.app.goo.gl/YgpAryKbVKSDLjhF8,"https://order.nidin.shop/menu/20442 | https://www.google.com/searchviewer/42?cvd=CLw_EicKJeICIjIgEhkiF9LX29IPEQoNL2cvMTF3aGRuZ2sxMRgBOgMI8A0%3D&hl=zh-Hant-TW&gl=tw&fo_m=MfohQo559jFvMUOzJVpjPL1YMfZ3bInYwBDuMfaXTPp5KXh-&utm_source=tactile&gei=ZPYaapXwEf7m1e8P_8zc0Ac&ei=ZPYaapXwEf7m1e8P_8zc0Ac&fo_s=OA,SOE&opi=79508299&orderType=1&ebb=1&cs=0&foub=mcpp | https://www.ubereats.com/tw/store/%E5%A4%A7%E8%8C%97%E6%9C%AC%E4%BD%8D%E8%A3%BD%E8%8C%B6%E5%A0%82-%E5%8F%B0%E5%8C%97%E4%BC%8A%E9%80%9A%E5%BA%97/dp5KkCDaVr6zfB-KwZBmww?diningMode=DELIVERY&pl=JTdCJTIyYWRkcmVzcyUyMiUzQSUyMiVFOCU4NyVCQSVFNCVCOCVBRCVFNSU4NSVBQyVFNSU5QyU5MiUyMiUyQyUyMnJlZmVyZW5jZSUyMiUzQSUyMkNoSUo1U1FXbTJzOWFUUVJPOUNSeVBCWFRoQSUyMiUyQyUyMnJlZmVyZW5jZVR5cGUlMjIlM0ElMjJnb29nbGVfcGxhY2VzJTIyJTJDJTIybGF0aXR1ZGUlMjIlM0EyNC4xNDQ4MTg1JTJDJTIybG9uZ2l0dWRlJTIyJTNBMTIwLjY4NDQ3NjIlN0Q%3D&utm_campaign=CM2508147-search-free-nonbrand-google-pas_e_all_acq_Global&utm_medium=search-free-nonbrand&utm_source=google-pas","Stored Google Order panel re-check read visible, clickable providers by mode."
daming-025,台北公館店,北部,台北市,中正區,台北市中正區汀州路3段158之1號,02-23673535,10:30~22:00,confirmed,confirmed,True,True,Nidin、Uber Eats、foodpanda,Uber Eats、foodpanda,https://www.damingtea.com.tw/stores/,,https://maps.app.goo.gl/eVNC2Wcksoc8VyhM6,"https://order.nidin.shop/menu/13603 | https://reurl.cc/NllDGn | https://www.google.com/searchviewer/42?cvd=CLw_EicKJeICIjIgEhkiF9LX29IPEQoNL2cvMTF0ZjR0OGZkMxgBOgMI8A0%3D&hl=zh-Hant-TW&gl=tw&fo_m=MfohQo559jFvMUOzJVpjPL1YMfZ3bInYwBDuMfaXTPp5KXh-&utm_source=tactile&gei=cfYaauGkPNno1e8Pn8nIwAQ&ei=cfYaauGkPNno1e8Pn8nIwAQ&fo_s=OA,SOE&opi=79508299&orderType=1&ebb=1&cs=0&foub=mcpp","Stored Google Order panel re-check read visible, clickable providers by mode."
daming-026,台北站前店,北部,台北市,中正區,台北市中正區信陽街11之2號,02-23830688,11:30~20:00,confirmed,confirmed,True,True,Nidin、Uber Eats,Uber Eats,https://www.damingtea.com.tw/stores/,,https://maps.app.goo.gl/R88a75T578GtoQA6A,https://order.nidin.shop/menu/17059 | https://reurl.cc/8XX7N4 | https://www.google.com/search?q=%E5%A4%A7%E8%8C%97%E6%9C%AC%E4%BD%8D%E8%A3%BD%E8%8C%B6%E5%A0%82+%E5%8F%B0%E5%8C%97%E7%AB%99%E5%89%8D%E5%BA%97+%E5%8F%B0%E5%8C%97%E5%B8%82%E4%B8%AD%E6%AD%A3%E5%8D%80%E4%BF%A1%E9%99%BD%E8%A1%9711%E4%B9%8B2%E8%99%9F&hl=zh-TW#sv=CAESzQEKuQEStgEKd0FNbjMteVFmZmZ4emQ5WWZESlQzNFh6WWJTRGlOU1ZSSURzZldaQ0JVTzBlTWVubHYwSm9WczFjOVpaekRXd2FsYS1vOE9sdzNKUGdtSWtCMUE4S09aRWt4YUdkNnFGcnZZajVyVk81bHdCVzI3UGt2aWJtOUtjEhdya2tiYXNDQkFfWGEycm9QbUt2ajhRNBoiQUpLTEZtTEdIUzZGWDBnWnhSc0VWWjZsOVRXV0pmbGlZdxIEODEyNBoBMyoAMAA4AUAAGCogv8r1swg6AEoCEAE,"Stored Google Order panel re-check read visible, clickable providers by mode."
daming-022,信義永吉店,北部,台北市,信義區,台北市信義區永吉路30巷121號,02-27658868,11:30~20:00,confirmed,confirmed,True,True,Nidin、Uber Eats,Uber Eats,https://www.damingtea.com.tw/stores/,,https://maps.app.goo.gl/zrVvbKNu45XKe33D8,"https://order.nidin.shop/menu/16768 | https://www.google.com/searchviewer/42?cvd=CLw_EicKJeICIjIgEhkiF9LX29IPEQoNL2cvMTF2NmtrbDU5ahgBOgMI8A0%3D&hl=zh-Hant-TW&gl=tw&fo_m=MfohQo559jFvMUOzJVpjPL1YMfZ3bInYwBDuMfaXTPp5KXh-&utm_source=tactile&gei=jPYaat6-Nobp1e8PpMXQ2QM&ei=jPYaat6-Nobp1e8PpMXQ2QM&fo_s=OA,SOE&opi=79508299&orderType=1&ebb=1&cs=0&foub=mcpp | https://www.ubereats.com/tw/store/%E5%A4%A7%E8%8C%97%E6%9C%AC%E4%BD%8D%E8%A3%BD%E8%8C%B6%E5%A0%82-%E4%BF%A1%E7%BE%A9%E6%B0%B8%E5%90%89%E5%BA%97/C8V1Qy08UvuicKnYd43y7A?srsltid=AfmBOoqUssO47phbsQ5UODx2ej6OtlMcLVa7esSkxw8qV1KxqYE3EkVp","Stored Google Order panel re-check read visible, clickable providers by mode."
daming-020,台北內湖店,北部,台北市,內湖區,台北市內湖區內湖路1段409之1號,02-26270808,10:30~20:00,confirmed,confirmed,True,True,Nidin、Uber Eats、foodpanda,Uber Eats、foodpanda,https://www.damingtea.com.tw/stores/,,https://maps.app.goo.gl/zWbzk2Ge4yDjc8Sk9,"https://order.nidin.shop/menu/19092 | https://reurl.cc/rvvX9k | https://www.google.com/searchviewer/42?cvd=CLw_EicKJeICIjIgEhkiF9LX29IPEQoNL2cvMTF5NDN0Z3Y1ZBgBOgMI8A0%3D&hl=zh-Hant-TW&gl=tw&fo_m=MfohQo559jFvMUOzJVpjPL1YMfZ3bInYwBDuMfaXTPp5KXh-&utm_source=tactile&gei=mvYaarW0FufY1e8P5PX2kAk&ei=mvYaarW0FufY1e8P5PX2kAk&fo_s=OA,SOE&opi=79508299&orderType=1&ebb=1&cs=0&foub=mcpp","Stored Google Order panel re-check read visible, clickable providers by mode."
daming-007,LaLaport 南港店,北部,台北市,南港區,台北市南港區經貿二路131號B1,02-26538383,11:00~21:30,confirmed,no_gmb_order_button,True,False,Nidin,,https://www.damingtea.com.tw/stores/,,https://g.co/kgs/bNYsNx3,https://order.nidin.shop/menu/22848,No Google Order button was found during human-paced browser check.
daming-019,台北士林店,北部,台北市,士林區,台北市士林區中正路235巷36號,02-28801078,11:00~22:00,confirmed,confirmed,True,True,Nidin、Uber Eats、foodpanda,Uber Eats、foodpanda,https://www.damingtea.com.tw/stores/,,"https://www.google.com/maps/place/%E5%A4%A7%E8%8C%97%E6%9C%AC%E4%BD%8D%E8%A3%BD%E8%8C%B6%E5%A0%82-%E5%8F%B0%E5%8C%97%E5%A3%AB%E6%9E%97%E5%BA%97/@25.0943054,121.5234909,17z/data=!3m1!4b1!4m6!3m5!1s0x3442af400137b4d9:0x6723df4928bcd2fb!8m2!3d25.0943006!4d121.5260712!16s%2Fg%2F11ks08mxyl?entry=tts&g_ep=EgoyMDI0MDkyMi4wKgBIAVAD","https://order.nidin.shop/menu/16282 | https://www.google.com/searchviewer/42?cvd=CLw_EicKJeICIjIgEhkiF9LX29IPEQoNL2cvMTFrczA4bXh5bBgBOgMI8A0%3D&hl=zh-Hant-TW&gl=tw&fo_m=MfohQo559jFvMUOzJVpjPL1YMfZ3bInYwBDuMfaXTPp5KXh-&utm_source=tactile&gei=rfYaapGjOKmR1e8PhIugwA8&ei=rfYaapGjOKmR1e8PhIugwA8&fo_s=OA,SOE&opi=79508299&orderType=1&ebb=1&cs=0&foub=mcpp | https://www.ubereats.com/tw/store/%E5%A4%A7%E8%8C%97%E6%9C%AC%E4%BD%8D%E8%A3%BD%E8%8C%B6%E5%A0%82-%E5%8F%B0%E5%8C%97%E5%A3%AB%E6%9E%97%E5%BA%97/q_E74zI_U1CsyW9FLwF4hw?diningMode=DELIVERY&pl=JTdCJTIyYWRkcmVzcyUyMiUzQSUyMiVFOCU4NyVCQSVFNCVCOCVBRCVFNSU4NSVBQyVFNSU5QyU5MiUyMiUyQyUyMnJlZmVyZW5jZSUyMiUzQSUyMkNoSUo1U1FXbTJzOWFUUVJPOUNSeVBCWFRoQSUyMiUyQyUyMnJlZmVyZW5jZVR5cGUlMjIlM0ElMjJnb29nbGVfcGxhY2VzJTIyJTJDJTIybGF0aXR1ZGUlMjIlM0EyNC4xNDQ4MTg1JTJDJTIybG9uZ2l0dWRlJTIyJTNBMTIwLjY4NDQ3NjIlN0Q%3D","Stored Google Order panel re-check read visible, clickable providers by mode."
daming-021,台北通化店,北部,台北市,大安區,台北市大安區文昌街205號,02-27014588,10:30~22:00,confirmed,confirmed,True,True,Nidin、Uber Eats,Nidin、Uber Eats,https://www.damingtea.com.tw/stores/,,https://maps.app.goo.gl/ywrUqxd8QX7zDhsh7,https://order.nidin.shop/menu/15667 | https://reurl.cc/rvvXRb | https://www.google.com/search?q=%E5%A4%A7%E8%8C%97%E6%9C%AC%E4%BD%8D%E8%A3%BD%E8%8C%B6%E5%A0%82+%E5%8F%B0%E5%8C%97%E9%80%9A%E5%8C%96%E5%BA%97+%E5%8F%B0%E5%8C%97%E5%B8%82%E5%A4%A7%E5%AE%89%E5%8D%80%E6%96%87%E6%98%8C%E8%A1%97205%E8%99%9F&hl=zh-TW#sv=CAESzQEKuQEStgEKd0FNbjMteVFCdmNEWmVlU3lEZmV5WlA0cHBTMjR3RjlRRTJqLV8yUHVoWGU1dnBROHJJTGFfU1l6dk1Kd2oxQ2hhQUhzYjJzLVpKSnZNWV82Wmc1a2lwOFJVTzBlbEhGc0tzUzlLRVMtSHlBVnhDek5hQmQ2Q2djEhd4NzRjYXBHQU80VHExZThQNExfSnFRSRoiQUpLTEZtSTFwS09WU2xVeUlOVXhuMEtIYmlEWW9DMlFfURIEODEyNBoBMyoAMAA4AUAAGCog0_37qQlKAhAB,Human-paced Google Order re-check opened the blue order flow and read providers.
daming-023,台北龍山寺店,北部,台北市,萬華區,台北市萬華區西園路一段226號,0966-444976,10:30~22:00,confirmed,confirmed,True,True,Nidin、Uber Eats、foodpanda,Uber Eats、foodpanda,https://www.damingtea.com.tw/stores/,,https://maps.app.goo.gl/k49EkiajVYrEjgDF9,"https://order.nidin.shop/menu/21984 | https://www.google.com/searchviewer/42?cvd=CLw_EicKJeICIjIgEhkiF9LX29IPEQoNL2cvMTF5YjYzNzUwMxgBOgMI8A0%3D&hl=zh-Hant-TW&gl=tw&fo_m=MfohQo559jFvMUOzJVpjPL1YMfZ3bInYwBDuMfaXTPp5KXh-&utm_source=tactile&gei=x_YaaozcDZ3l1e8PqKHv-Qw&ei=x_YaaozcDZ3l1e8PqKHv-Qw&fo_s=OA,SOE&opi=79508299&orderType=1&ebb=1&cs=0&foub=mcpp | https://www.ubereats.com/tw/store/%E5%A4%A7%E8%8C%97%E6%9C%AC%E4%BD%8D%E8%A3%BD%E8%8C%B6%E5%A0%82-%E5%8F%B0%E5%8C%97%E9%BE%8D%E5%B1%B1%E5%AF%BA%E5%BA%97/WuvpmxYgWfWog2ipWRRnKw","Stored Google Order panel re-check read visible, clickable providers by mode."
daming-004,宜蘭中山店,北部,宜蘭縣,宜蘭市,宜蘭縣宜蘭市中山路三段193號1樓,03-9355727,10:00~21:30,confirmed,confirmed,True,True,Nidin、Uber Eats、foodpanda,Uber Eats、foodpanda,https://www.damingtea.com.tw/stores/,,https://share.google/huocCk4VrizBmNBl9,"https://order.nidin.shop/menu/27325 | https://reurl.cc/r0ZAm4 | https://www.google.com/search?sca_esv=e7687de8d1b3fbf8&cs=0&output=search&kgmid=/g/11yrt7h2vn&q=%E5%A4%A7%E8%8C%97%E6%9C%AC%E4%BD%8D%E8%A3%BD%E8%8C%B6%E5%A0%82-%E5%AE%9C%E8%98%AD%E5%BA%97&shem=dlvs1&shndl=30&source=sh/x/loc/uni/m1/1&kgs=705ac8fb5f839f34&utm_source=dlvs1,sh/x/loc/uni/m1/1#sv=CAESzQEKuQEStgEKd0FNbjMteVRjdGhZbmN6U1hUQzd3VUVSa1JueTB5NHo4UUphUnJwNXJ3ZzV5b3F0bktiVjZOajVoY000QW5oUU9ZdmhDNEtMT3FtTUpyd2dzTHBSZVpnbmZSdjJOU1c2cUVWRVlNbHdxdVdGQ3FhUC1FM0d1cGZrEhdBaEliYXNfTkJ0ZVp2cjBQbUxHbnNBTRoiQUpLTEZtS2lLcG10bG41dFhQN1RqdUhTbzlZVHdXR29wZxIEODEyNBoBMyoAMAA4AUAAGCog0d3opws6AEoCEAE","Stored Google Order panel re-check read visible, clickable providers by mode."
daming-006,宜蘭羅東店,北部,宜蘭縣,羅東鎮,宜蘭縣羅東鎮中山路三段262號,03-9577311,12:00~20:30,confirmed,confirmed,True,True,Nidin、Uber Eats、foodpanda,Uber Eats、foodpanda,https://www.damingtea.com.tw/stores/,,https://share.google/9VRbpuRteU9643co2,https://order.nidin.shop/menu/23554 | https://reurl.cc/yOm06a | https://www.google.com/search?q=%E5%A4%A7%E8%8C%97%E6%9C%AC%E4%BD%8D%E8%A3%BD%E8%8C%B6%E5%A0%82+%E5%AE%9C%E8%98%AD%E7%BE%85%E6%9D%B1%E5%BA%97+%E5%AE%9C%E8%98%AD%E7%B8%A3%E7%BE%85%E6%9D%B1%E9%8E%AE%E4%B8%AD%E5%B1%B1%E8%B7%AF%E4%B8%89%E6%AE%B5262%E8%99%9F&hl=zh-TW#sv=CAESzQEKuQEStgEKd0FNbjMteVI0d213M2UwdnpGcjFiTm16Y1U1VWhWdlE3U3k4aEVMcmVyLVZEQVhZVl9ZZ3BSOFVkV3N0QUU4RDlFd2hyT1N3ck5aVzE2VDJ4V0ZHSTVwTnBXRVhWZEYtNWRDLW84QnhJZkdjUUFVRnQ1RkpRM1NZEhc1TDRjYXNPVENPbmgxZThQNnN2bjJBdxoiQUpLTEZtSWFDaUltcmJ4b1R5RnhoWENIeEExWXFUMVN1ZxIEODEyNBoBMyoAMAA4AUAAGCogsK7LOEoCEAE,Human-paced Google Order re-check opened the blue order flow and read providers.
daming-030,三重自強店,北部,新北市,三重區,新北市三重區自強路一段30號,02-29702988,10:30~22:00,confirmed,confirmed,True,True,Nidin、Uber Eats、foodpanda,Uber Eats、foodpanda,https://www.damingtea.com.tw/stores/,,"https://www.google.com/maps/place/%E5%A4%A7%E8%8C%97%E6%9C%AC%E4%BD%8D%E8%A3%BD%E8%8C%B6%E5%A0%82-%E4%B8%89%E9%87%8D%E8%87%AA%E5%BC%B7%E5%BA%97/@25.0915564,121.407274,12z/data=!4m6!3m5!1s0x3442a993d71bb511:0xb70707c5686a77b2!8m2!3d25.0678988!4d121.4985764!16s%2Fg%2F11wftk71lj?entry=ttu&g_ep=EgoyMDI0MTAxNS4wIKXMDSoASAFQAw%3D%3D","https://order.nidin.shop/menu/21138 | https://www.google.com/searchviewer/42?cvd=CLw_EicKJeICIjIgEhkiF9LX29IPEQoNL2cvMTF3ZnRrNzFsahgBOgMI8A0%3D&hl=zh-Hant-TW&gl=tw&fo_m=MfohQo559jFvMUOzJVpjPL1YMfZ3bInYwBDuMfaXTPp5KXh-&utm_source=tactile&gei=4fYaarLCEeTc1e8PlLiY-QU&ei=4fYaarLCEeTc1e8PlLiY-QU&fo_s=OA,SOE&opi=79508299&orderType=1&ebb=1&cs=0&foub=mcpp | https://www.ubereats.com/tw/store/%E5%A4%A7%E8%8C%97%E6%9C%AC%E4%BD%8D%E8%A3%BD%E8%8C%B6%E5%A0%82-%E4%B8%89%E9%87%8D%E8%87%AA%E5%BC%B7%E5%BA%97/4JuUunC6WQehulaaCHY6Pg?srsltid=AfmBOoq7Pk4vxY7KDo5KlZwvFsArgc3f1wF-FVyqWu6BrRSXP5vSDbqH","Stored Google Order panel re-check read visible, clickable providers by mode."
daming-027,土城裕民店,北部,新北市,土城區,新北市土城區裕民路84號,02-22600533,10:30~21:30,confirmed,confirmed,True,True,Nidin、Uber Eats,Uber Eats,https://www.damingtea.com.tw/stores/,,https://maps.app.goo.gl/SfXwp5UFRuLnWALR8,"https://order.nidin.shop/menu/18457 | https://www.google.com/searchviewer/42?cvd=CLw_EicKJeICIjIgEhkiF9LX29IPEQoNL2cvMTF2c2JnajFiMhgBOgMI8A0%3D&hl=zh-Hant-TW&gl=tw&fo_m=MfohQo559jFvMUOzJVpjPL1YMfZ3bInYwBDuMfaXTPp5KXh-&utm_source=tactile&gei=7vYaapWiMc6Qvr0Pye-c0A8&ei=7vYaapWiMc6Qvr0Pye-c0A8&fo_s=OA,SOE&opi=79508299&orderType=1&ebb=1&cs=0&foub=mcpp | https://www.ubereats.com/tw/store/%E5%A4%A7%E8%8C%97%E6%9C%AC%E4%BD%8D%E8%A3%BD%E8%8C%B6%E5%A0%82-%E5%9C%9F%E5%9F%8E%E8%A3%95%E6%B0%91%E5%BA%97/WGu6qI7HUjK9or45Veh0_g?srsltid=AfmBOor64iJ3Q_A1-NYltaupH5v45Bh6_R-ZIe-4iYzfkamtlZkXrBwP","Stored Google Order panel re-check read visible, clickable providers by mode."
daming-028,新莊幸福店,北部,新北市,新莊區,新北市新莊區幸福路838號,02-29978585,10:00~21:00,confirmed,confirmed,True,True,Nidin、Uber Eats,Uber Eats,https://www.damingtea.com.tw/stores/,,https://maps.app.goo.gl/Q2sZcxon4fRMDpDg9,"https://order.nidin.shop/menu/15916 | https://reurl.cc/A22Dd8 | https://www.google.com/searchviewer/42?cvd=CLw_EicKJeICIjIgEhkiF9LX29IPEQoNL2cvMTFrcWptajRqYxgBOgMI8A0%3D&hl=zh-Hant-TW&gl=tw&fo_m=MfohQo559jFvMUOzJVpjPL1YMfZ3bInYwBDuMfaXTPp5KXh-&utm_source=tactile&gei=_PYaarvJDajavr0P_JSvoAM&ei=_PYaarvJDajavr0P_JSvoAM&fo_s=OA,SOE&opi=79508299&orderType=1&ebb=1&cs=0&foub=mcpp","Stored Google Order panel re-check read visible, clickable providers by mode."
daming-017,板橋府中店,北部,新北市,板橋區,新北市板橋區重慶路33號,02-29592828,11:00~21:00,confirmed,confirmed,True,True,Nidin、Uber Eats、外送平台（待確認）,Uber Eats,https://www.damingtea.com.tw/stores/,,https://share.google/6hKD5ALlFfHUOTnts,"https://order.nidin.shop/menu/23746 | https://reurl.cc/R2k80Z | https://www.google.com/search?sca_esv=e42243e293ad428e&sxsrf=ANbL-n6omaeCVJ7cveXw8CT3_DPalIR1GQ:1777015689741&kgmid=/g/11xdtfkyp3&q=%E5%A4%A7%E8%8C%97%E6%9C%AC%E4%BD%8D%E8%A3%BD%E8%8C%B6%E5%A0%82-%E6%9D%BF%E6%A9%8B%E5%BA%9C%E4%B8%AD%E5%BA%97&shem=dlvs1&shndl=30&source=sh/x/loc/uni/m1/1&kgs=d700db1d0badff84&utm_source=dlvs1,sh/x/loc/uni/m1/1#sv=CAESzQEKuQEStgEKd0FNbjMteVQ5Y2NSb0o0cl9hTWVxcHRXMUZGRWlURmhpY29LWklNdmdVRkFodFhPWFlpLVJXWnkwSVVfcmZCNU1MOV9MN0ZzbWNmZko2V09HclZYMW93dE1rV01MZEdZcW1uTWlaMTdNNnU0d3UwNjNmVFZZeE5rEhdkUkliYXVyOEZPM2UxZThQaHVPNnVRRRoiQUpLTEZtSU4xaTlLWXNZZ1NiekpHblhZZmY5TlZta3NHdxIEODEyNBoBMyoAMAA4AUAAGCog67P2tQE6AEoCEAE","Stored Google Order panel re-check read visible, clickable providers by mode. Re-check was blocked by Google on 2026-06-01; preserved prior Google Order evidence/status instead of downgrading."
daming-018,淡水英專店,北部,新北市,淡水區,新北市淡水區英專路19號,02-26281683,11:30~2030,confirmed,confirmed,True,True,Nidin、Uber Eats、foodpanda,Uber Eats、foodpanda,https://www.damingtea.com.tw/stores/,,https://maps.app.goo.gl/4u6nfYjQHMHWQTNK8,"https://order.nidin.shop/menu/19344 | https://www.google.com/searchviewer/42?cvd=CLw_EicKJeICIjIgEhkiF9LX29IPEQoNL2cvMTF2eHkweXhmXxgAOgMI8A0%3D&hl=zh-Hant-TW&gl=tw&fo_m=MfohQo559jFvMUOzJVpjPL1YMfZ3bInYwBDuMfaXTPp5KXh-&utm_source=tactile&gei=D_caaszvK7-5vr0P4cOviA0&ei=D_caaszvK7-5vr0P4cOviA0&fo_s=OA,SOE&opi=79508299&ebb=1&cs=0&foub=mcpp | https://www.ubereats.com/tw/store/%E5%A4%A7%E8%8C%97%E6%9C%AC%E4%BD%8D%E8%A3%BD%E8%8C%B6%E5%A0%82-%E6%B7%A1%E6%B0%B4%E8%8B%B1%E5%B0%88%E5%BA%97/7pIEgEiqWtmHNTqMVuSwjQ?srsltid=AfmBOooeSgG_idNseXyrf2oXMXXvAfUEXN5PW8oXPVJogYbm7ehRgy5V","Stored Google Order panel re-check read visible, clickable providers by mode."
daming-029,蘆洲信義店,北部,新北市,蘆洲區,新北市蘆洲區信義路285號,0971-039999,11:00~22:00,confirmed,confirmed,True,True,Uber Eats、foodpanda,Uber Eats、foodpanda,https://www.damingtea.com.tw/stores/,,https://maps.app.goo.gl/b2zLMHvmz4rPcjAg8,"https://reurl.cc/OrrDr7 | https://www.google.com/searchviewer/42?cvd=CLw_EicKJeICIjIgEhkiF9LX29IPEQoNL2cvMTF5NDl5N2RoYhgBOgMI8A0%3D&hl=zh-Hant-TW&gl=tw&fo_m=MfohQo559jFvMUOzJVpjPL1YMfZ3bInYwBDuMfaXTPp5KXh-&utm_source=tactile&gei=G_caap7dKfLP1e8PkNCQqQc&ei=G_caap7dKfLP1e8PkNCQqQc&fo_s=OA,SOE&opi=79508299&orderType=1&ebb=1&cs=0&foub=mcpp | https://www.ubereats.com/tw/store/%E5%A4%A7%E8%8C%97%E6%9C%AC%E4%BD%8D%E8%A3%BD%E8%8C%B6%E5%A0%82-%E8%98%86%E6%B4%B2%E4%BF%A1%E7%BE%A9%E5%BA%97/wtDel7PMUMCPgm2SdNpHyg?diningMode=DELIVERY&pl=JTdCJTIyYWRkcmVzcyUyMiUzQSUyMiVFOCU4NyVCQSVFNCVCOCVBRCVFNSU4NSVBQyVFNSU5QyU5MiUyMiUyQyUyMnJlZmVyZW5jZSUyMiUzQSUyMkNoSUo1U1FXbTJzOWFUUVJPOUNSeVBCWFRoQSUyMiUyQyUyMnJlZmVyZW5jZVR5cGUlMjIlM0ElMjJnb29nbGVfcGxhY2VzJTIyJTJDJTIybGF0aXR1ZGUlMjIlM0EyNC4xNDQ4MTg1JTJDJTIybG9uZ2l0dWRlJTIyJTNBMTIwLjY4NDQ3NjIlN0Q%3D","Stored Google Order panel re-check read visible, clickable providers by mode."
daming-034,新竹城隍店,北部,新竹市,北區,新竹市北區中山路90號,03-5210021,10:00~22:00,confirmed,confirmed,True,True,Nidin、Uber Eats、foodpanda,Uber Eats、foodpanda,https://www.damingtea.com.tw/stores/,,https://g.co/kgs/J1pwF7g,https://order.nidin.shop/menu/21981 | https://www.google.com/search?sca_esv=b3de37e104a03232&sxsrf=ADLYWIKjAgG7CeyrHaXmnIX4y4Q9UfAahQ:1736909277746&kgmid=/g/11y9_vzl2q&q=%E5%A4%A7%E8%8C%97%E6%9C%AC%E4%BD%8D%E8%A3%BD%E8%8C%B6%E5%A0%82-%E6%96%B0%E7%AB%B9%E5%9F%8E%E9%9A%8D%E5%BA%97&shndl=30&shem=uaasie&source=sh/x/loc/uni/m1/1&kgs=e4b746daa2c85185#sv=CAESzQEKuQEStgEKd0FNbjMteVRTejFHTjllb0RPdGZqZlY4WnVkdU81VEdqcXhUNFdSMGNDQlpNbUx1a1NnQkVwc2tjWjlsdnNqWm5aNDFJTTdLSTcxQkZYZjdPZ1NPMXJIay1kcE1vaFZ6OVNoVmJsSzIyejZHUUlSaWZBaWlONkNFEhd3aEliYXNmQkE0VHQxZThQMHBISDRRRRoiQUpLTEZtTHp3SVg2TGU5LXU3c3ByWkd6SDI1WWhUTm4tURIEODEyNBoBMyoAMAA4AUAAGCog2dG_kQ46AEoCEAE | https://www.ubereats.com/tw/store/%E5%A4%A7%E8%8C%97%E6%9C%AC%E4%BD%8D%E8%A3%BD%E8%8C%B6%E5%A0%82-%E6%96%B0%E7%AB%B9%E5%9F%8E%E9%9A%8D%E5%BA%97/Uoeqkge9X8iCDpVnpcp42g,"Stored Google Order panel re-check read visible, clickable providers by mode."
daming-035,新竹民生店,北部,新竹市,東區,新竹市東區民生路258號,03-5333523,10:00~22:00,confirmed,confirmed,True,True,Nidin、Uber Eats、foodpanda,Uber Eats、foodpanda,https://www.damingtea.com.tw/stores/,,https://maps.app.goo.gl/dMviixokSRTdarZw5,"https://order.nidin.shop/menu/20445 | https://www.google.com/searchviewer/42?cvd=CLw_EicKJeICIjIgEhkiF9LX29IPEQoNL2cvMTF3YmRnYzNkORgBOgMI8A0%3D&hl=zh-Hant-TW&gl=tw&fo_m=MfohQo559jFvMUOzJVpjPL1YMfZ3bInYwBDuMfaXTPp5KXh-&utm_source=tactile&gei=L_caatXjIJeMvr0P2_-1mQs&ei=L_caatXjIJeMvr0P2_-1mQs&fo_s=OA,SOE&opi=79508299&orderType=1&ebb=1&cs=0&foub=mcpp | https://www.ubereats.com/tw/store/%E5%A4%A7%E8%8C%97%E6%9C%AC%E4%BD%8D%E8%A3%BD%E8%8C%B6%E5%A0%82-%E6%96%B0%E7%AB%B9%E6%B0%91%E7%94%9F%E5%BA%97/VxJwWJ5YVymz6jik2Xa-mg?diningMode=DELIVERY&pl=JTdCJTIyYWRkcmVzcyUyMiUzQSUyMiVFOCU4NyVCQSVFNCVCOCVBRCVFNSU4NSVBQyVFNSU5QyU5MiUyMiUyQyUyMnJlZmVyZW5jZSUyMiUzQSUyMkNoSUo1U1FXbTJzOWFUUVJPOUNSeVBCWFRoQSUyMiUyQyUyMnJlZmVyZW5jZVR5cGUlMjIlM0ElMjJnb29nbGVfcGxhY2VzJTIyJTJDJTIybGF0aXR1ZGUlMjIlM0EyNC4xNDQ4MTg1JTJDJTIybG9uZ2l0dWRlJTIyJTNBMTIwLjY4NDQ3NjIlN0Q%3D","Stored Google Order panel re-check read visible, clickable providers by mode."
daming-037,新竹金山店,北部,新竹市,東區,新竹市東區金山十三街1號,03-6667886,11:00~20:30,confirmed,confirmed,True,True,Nidin、Uber Eats,Uber Eats,https://www.damingtea.com.tw/stores/,,https://maps.app.goo.gl/ayPcKBmZFX6dPEHn6,"https://order.nidin.shop/menu/18454 | https://reurl.cc/addzLl | https://www.google.com/searchviewer/42?cvd=CLw_EicKJeICIjIgEhkiF9LX29IPEQoNL2cvMTF2cWtfeGd4dBgBOgMI8A0%3D&hl=zh-Hant-TW&gl=tw&fo_m=MfohQo559jFvMUOzJVpjPL1YMfZ3bInYwBDuMfaXTPp5KXh-&utm_source=tactile&gei=Pfcaao28A4uNvr0PpL6kgQg&ei=Pfcaao28A4uNvr0PpL6kgQg&fo_s=OA,SOE&opi=79508299&orderType=1&ebb=1&cs=0&foub=mcpp","Stored Google Order panel re-check read visible, clickable providers by mode."
daming-036,新竹食品店,北部,新竹市,東區,新竹市東區食品路167號,03-5730586,10:00~21:00,confirmed,confirmed,True,True,Nidin、Uber Eats、foodpanda,Uber Eats、foodpanda,https://www.damingtea.com.tw/stores/,,https://maps.app.goo.gl/GZaXiF5AT9rnz3kK6,"https://order.nidin.shop/menu/17771 | https://reurl.cc/E66DRn | https://www.google.com/searchviewer/42?cvd=CLw_EicKJeICIjIgEhkiF9LX29IPEQoNL2cvMTF2ajk5cTJxZBgBOgMI8A0%3D&hl=zh-Hant-TW&gl=tw&fo_m=MfohQo559jFvMUOzJVpjPL1YMfZ3bInYwBDuMfaXTPp5KXh-&utm_source=tactile&gei=SvcaasTDHLGfvr0PhbvR2AU&ei=SvcaasTDHLGfvr0PhbvR2AU&fo_s=OA,SOE&opi=79508299&orderType=1&ebb=1&cs=0&foub=mcpp","Stored Google Order panel re-check read visible, clickable providers by mode."
daming-005,中壢新明店,北部,桃園市,中壢區,桃園市中壢區新明路40號,03-4930518,10:00~21:30,confirmed,confirmed,True,True,Nidin、Uber Eats、foodpanda,Uber Eats、foodpanda,https://www.damingtea.com.tw/stores/,,https://share.google/IQq9wMPc2GohMgDDq,"https://order.nidin.shop/menu/26860 | https://reurl.cc/Q2WgXp | https://www.google.com/search?sca_esv=d525e7905da52187&sxsrf=ANbL-n5V50C8HPZKveuvv8hwvpnzDHCbWw:1774931034387&kgmid=/g/11mkd6r67f&q=%E5%A4%A7%E8%8C%97%E6%9C%AC%E4%BD%8D%E8%A3%BD%E8%8C%B6%E5%A0%82-%E4%B8%AD%E5%A3%A2%E6%96%B0%E6%98%8E%E5%BA%97&shem=dlvs1&shndl=30&source=sh/x/loc/uni/m1/1&kgs=be37bc6bce70553a&utm_source=dlvs1,sh/x/loc/uni/m1/1#sv=CAESzQEKuQEStgEKd0FNbjMteVJ6dFVfMncwenVpaXdJR3pia1BuRDNON1RwMXpLZFRXNmFqSnkzdHN1cEw3LUtlbU1QUmJNRW55cWswOHdOSXF2VnVndXdMMHJGaTluV2s5cGp5ODRoWnl1TllaZzRHajlOTVJNRzJrUHktYXpTV004EhdLaE1iYXRIVUlwYWp2cjBQOWN1dzZRSRoiQUpLTEZtSjNmNzUtTjdLVWxhLUFPaWNOWmlqcFBJbjl2dxIEODEyNBoBMyoAMAA4AUAAGCog0djXzgI6AEoCEAE","Stored Google Order panel re-check read visible, clickable providers by mode."
daming-009,內壢忠孝店,北部,桃園市,中壢區,桃園市中壢區忠孝路212號,03-4628896,10:00~22:00,confirmed,confirmed,True,True,Nidin、Uber Eats、foodpanda,Uber Eats、foodpanda,https://www.damingtea.com.tw/stores/,,https://share.google/Or11zl3xxirdxeENz,https://order.nidin.shop/menu/24367 | https://www.google.com/search?sca_esv=ab8db249d156b33c&sxsrf=AE3TifNys0j19l2QSTdCggUZKStuggpXkw%3A1754468216853&kgmid=%2Fg%2F11xkt1ysmp&q=%E5%A4%A7%E8%8C%97%E6%9C%AC%E4%BD%8D%E8%A3%BD%E8%8C%B6%E5%A0%82-%E5%85%A7%E5%A3%A2%E5%BF%A0%E5%AD%9D%E5%BA%97&shndl=30&shem=lcuae%2Clsptb1%2Csdl1pl%2Cuaasie&source=sh%2Fx%2Floc%2Funi%2Fm1%2F1&kgs=3cca1fb90576666a#sv=CAESzQEKuQEStgEKd0FNbjMteVE1WFJUamJBQmtrTDc3RUNzWm5TYlM3YVUzeWhwTG9uN0VQd2NoUkxDR1ZmUFlxN1Z1TFgwZHhjYmJfSC1VamdiRlZqU1hiREJuYjM3VFlqOWt1YkFJWGRxbFhTNDJMQndybElKUHVtWk9qb3BwS1NNEhdQQk1iYXZ1b0g4cTV2cjBQdGFudDBBTRoiQUpLTEZtTGtpYVN6UV9Tdkk1ZExJUnpZM0dQQ3FoUGtpURIEODEyNBoBMyoAMAA4AUAAGCog6by6hAk6AEoCEAE,"Stored Google Order panel re-check read visible, clickable providers by mode."
daming-014,桃園八德廣福店,北部,桃園市,八德區,桃園市八德區廣福路160號,03-3641600,10:00-22:00,confirmed,confirmed,True,True,Nidin、Uber Eats、foodpanda,Uber Eats、foodpanda,https://www.damingtea.com.tw/stores/,https://www.damingtea.com.tw/stores-detail/160__3/,https://share.google/jQxZxaWrm5Vp2T4M4,"https://order.nidin.shop/menu/27928 | https://www.google.com/search?sca_esv=e7687de8d1b3fbf8&sxsrf=ANbL-n6anCmRu60BmB-3BtuTYGtydfU5WA:1774930599530&kgmid=/g/11yxqbqnrx&q=%E5%A4%A7%E8%8C%97%E6%9C%AC%E4%BD%8D%E8%A3%BD%E8%8C%B6%E5%A0%82-%E5%85%AB%E5%BE%B7%E5%BB%A3%E7%A6%8F%E5%BA%97&shem=dlvs1&shndl=30&source=sh/x/loc/uni/m1/1&kgs=f48c03265d312a94&utm_source=dlvs1,sh/x/loc/uni/m1/1#sv=CAESzQEKuQEStgEKd0FNbjMteVMybmJvb0tqRFo2LXo3VktvRlNIZjkwZVBaMU4xd0FvZmVsYURObzU0eWJxdkNNWkx1TjRobUxuaDhZaFBtaVRBYUM3SFpIX0tRSnNocVdCQ3hmWWpBTmFRZ0RnVWt4YVhjUkhsaE5OdXpyN2prNC1FEhdJVDRiYXFUOUt0S2sxZThQbHRHQzJBWRoiQUpLTEZtTFhMTGowdy15Qmo5eFY2cWFxQmhwNFBNVG5zURIEODEyNBoBMyoAMAA4AUAAGCog4-qT_Ao6AEoCEAE","Stored Google Order panel re-check read visible, clickable providers by mode."
daming-031,桃園統領店,北部,桃園市,桃園區,桃園市桃園區中正路61號,03-3369900,11:00~21:30,confirmed,confirmed,True,True,Nidin,Nidin,https://www.damingtea.com.tw/stores/,,https://g.co/kgs/MGkYWzj,https://order.nidin.shop/menu/21054 | https://www.google.com/search?q=%E5%A4%A7%E8%8C%97%E6%9C%AC%E4%BD%8D%E8%A3%BD%E8%8C%B6%E5%A0%82+%E6%A1%83%E5%9C%92%E7%B5%B1%E9%A0%98%E5%BA%97+%E6%A1%83%E5%9C%92%E5%B8%82%E6%A1%83%E5%9C%92%E5%8D%80%E4%B8%AD%E6%AD%A3%E8%B7%AF61%E8%99%9F&hl=zh-TW#sv=CAESzQEKuQEStgEKd0FNbjMteVRoMXhyUjkwZGJvSWtkYmJmZWczOVJ6ODlDb0RBYTRTQ3hmRkNHUFBBVE1UamU0MHZSWm5HZ0N6MHlGMF9NalpmYTA0NkhtZm5HUkJDNjE0WU1GRkxoSnREOUoydUQ0M1FsV2FVMWczbGJLZnVLWnlvEhctYjRjYXAyNkxOVzN2cjBQMFo2OThRSRoiQUpLTEZtTENteTNKXzNDdWctRkQ3dFRDRW03eVpRYTdsdxIEODEyNBoBMyoAMAA4AUAAGCog6PPTrwlKAhAB,Human-paced Google Order re-check opened the blue order flow and read providers.
daming-032,桃園藝文店,北部,桃園市,桃園區,桃園市桃園區新埔六街202號,03-3580358,11:00~21:30,confirmed,confirmed,True,True,Nidin、Uber Eats、foodpanda,Nidin、Uber Eats、foodpanda,https://www.damingtea.com.tw/stores/,,https://maps.app.goo.gl/aEJToZC8nfSAJC2t7,https://order.nidin.shop/menu/22269 | https://www.google.com/search?q=%E5%A4%A7%E8%8C%97%E6%9C%AC%E4%BD%8D%E8%A3%BD%E8%8C%B6%E5%A0%82+%E6%A1%83%E5%9C%92%E8%97%9D%E6%96%87%E5%BA%97+%E6%A1%83%E5%9C%92%E5%B8%82%E6%A1%83%E5%9C%92%E5%8D%80%E6%96%B0%E5%9F%94%E5%85%AD%E8%A1%97202%E8%99%9F&hl=zh-TW&sei=170caurUM-7b1e8P_fD02AU#sv=CAESzAEKuAEStQEKd0FNbjMteVE4VVd3ZHBPUjdOTHpMZnR4NDZwT2pEa242TTl3akdmM196d2UxNGkxeWV4R3VYMzctU3d0dUNMVnFvZ0VjcWt4YURfV0xJaHFiOFdMRzRKWTFZcDk3dHFVSzZYZXMyNDc0a3dicVl6SUZTSmdza3A4EhYyTDBjYXRzTDA3cS12UV93OTViWUJBGiJBSktMRm1JcEQ5M2RGaDFIWjNJT1lXNTlOM1pmXzNnY2J3EgQ4MTI0GgEzKgAwADgBQAAYKiCUj_ejDEoCEAE,Human-paced Google Order re-check opened the blue order flow and read providers.
daming-008,桃園龍潭店,北部,桃園市,龍潭區,桃園市龍潭區東龍路256號,03-4994499,10:30-21:30,confirmed,confirmed,True,True,Nidin、Uber Eats、foodpanda,Uber Eats、foodpanda,https://www.damingtea.com.tw/stores/,https://www.damingtea.com.tw/stores-detail/160__2/,https://share.google/9rayfatWLk1Nymgvr,https://order.nidin.shop/menu/25942 | https://www.google.com/search?sca_esv=ea002673e68d741e&cs=0&output=search&kgmid=%2Fg%2F11yhfrrj0c&q=%E5%A4%A7%E8%8C%97%E6%9C%AC%E4%BD%8D%E8%A3%BD%E8%8C%B6%E5%A0%82%20%E9%BE%8D%E6%BD%AD%E6%9D%B1%E9%BE%8D%E5%BA%97&shndl=30&shem=lcuae%2Clsptb1%2Csdl1pl%2Cuaasie&source=sh%2Fx%2Floc%2Funi%2Fm1%2F1&kgs=27d805623d36035c#sv=CAESzQEKuQEStgEKd0FNbjMteVJFZUNkS1N6dkNpN05sWjQ0aDVvVnRMeExWazVMTnFKX2FqQ0w0RFJKMVEwY0tEQWRLaDM4RXF0UUJCdHQ3cEs4N3g2dERJaHk1NkhXbW9UNmhac1BDQXpxVjQyS1I4Y0dDdGhNeTlfMjBhTGJ3NFp3EhdtaE1iYXNEeEdyLU92cjBQOWVXSTRRbxoiQUpLTEZtSlNkanFZMzV4QVAxY1lfYllYdElNVWJzM1Q2dxIEODEyNBoBMyoAMAA4AUAAGCog5Jjjyg86AEoCEAE,"Stored Google Order panel re-check read visible, clickable providers by mode."
daming-033,林口長庚店,北部,桃園市,龜山區,桃園市龜山區復興北路12號,03-3288448,10:00~21:00,confirmed,confirmed,True,True,Nidin、Uber Eats、foodpanda,Uber Eats、foodpanda,https://www.damingtea.com.tw/stores/,,https://maps.app.goo.gl/XqkcHW5RVAziEMWu8,"https://order.nidin.shop/menu/18142 | https://reurl.cc/LllD6e | https://www.google.com/searchviewer/42?cvd=CLw_EicKJeICIjIgEhkiF9LX29IPEQoNL2cvMTFsY3BnNjhicBgBOgMI8A0%3D&hl=zh-Hant-TW&gl=tw&fo_m=MfohQo559jFvMUOzJVpjPL1YMfZ3bInYwBDuMfaXTPp5KXh-&utm_source=tactile&gei=hfcaavPlPOO8vr0P--rbwQU&ei=hfcaavPlPOO8vr0P--rbwQU&fo_s=OA,SOE&opi=79508299&orderType=1&ebb=1&cs=0&foub=mcpp","Stored Google Order panel re-check read visible, clickable providers by mode."
daming-062,台中一中店,中部,台中市,北區,台中市北區太平路83號,04-22266333,10:00~22:30,confirmed,confirmed,True,True,Nidin、Uber Eats、foodpanda,Uber Eats、foodpanda,https://www.damingtea.com.tw/stores/,,https://maps.app.goo.gl/n2AsXBQPjz7gGbZV7,"https://order.nidin.shop/menu/17582 | https://www.google.com/searchviewer/42?cvd=CLw_EicKJeICIjIgEhkiF9LX29IPEQoNL2cvMTF2a19ydGpmdBgBOgMI8A0%3D&hl=zh-Hant-TW&gl=tw&fo_m=MfohQo559jFvMUOzJVpjPL1YMfZ3bInYwBDuMfaXTPp5KXh-&utm_source=tactile&gei=lPcaarHWFte3vr0P2oKe-AM&ei=lPcaarHWFte3vr0P2oKe-AM&fo_s=OA,SOE&opi=79508299&orderType=1&ebb=1&cs=0&foub=mcpp | https://www.ubereats.com/tw/store/%E5%A4%A7%E8%8C%97%E6%9C%AC%E4%BD%8D%E8%A3%BD%E8%8C%B6%E5%A0%82-%E5%8F%B0%E4%B8%AD%E4%B8%80%E4%B8%AD%E5%BA%97/lhXbg5sWWPeNlxuj_pW1kw?diningMode=DELIVERY&pl=JTdCJTIyYWRkcmVzcyUyMiUzQSUyMiVFOCU4NyVCQSVFNCVCOCVBRCVFNSU4NSVBQyVFNSU5QyU5MiUyMiUyQyUyMnJlZmVyZW5jZSUyMiUzQSUyMkNoSUo1U1FXbTJzOWFUUVJPOUNSeVBCWFRoQSUyMiUyQyUyMnJlZmVyZW5jZVR5cGUlMjIlM0ElMjJnb29nbGVfcGxhY2VzJTIyJTJDJTIybGF0aXR1ZGUlMjIlM0EyNC4xNDQ4MTg1JTJDJTIybG9uZ2l0dWRlJTIyJTNBMTIwLjY4NDQ3NjIlN0Q%3D","Stored Google Order panel re-check read visible, clickable providers by mode."
daming-063,永興進化店,中部,台中市,北區,台中市北區進化北路304之1號,04-22353500,10:00~22:00,confirmed,confirmed,True,True,Nidin、Uber Eats、foodpanda,Uber Eats、foodpanda,https://www.damingtea.com.tw/stores/,,https://maps.app.goo.gl/Uziu6aYWxMAcaKdw7,"https://order.nidin.shop/menu/16333 | https://reurl.cc/nvNvM1 | https://www.google.com/searchviewer/42?cvd=CLw_EicKJeICIjIgEhkiF9LX29IPEQoNL2cvMTFsMW40cW1ocxgAOgMI8A0%3D&hl=zh-Hant-TW&gl=tw&fo_m=MfohQo559jFvMUOzJVpjPL1YMfZ3bInYwBDuMfaXTPp5KXh-&utm_source=tactile&gei=ovcaaojAH-ff1e8Pqa6tkQE&ei=ovcaaojAH-ff1e8Pqa6tkQE&fo_s=OA,SOE&opi=79508299&ebb=1&cs=0&foub=mcpp","Stored Google Order panel re-check read visible, clickable providers by mode."
daming-061,益民錦新店,中部,台中市,北區,台中市北區一中街130號,04-22266888,10:00~22:30,confirmed,confirmed,True,True,Nidin、Uber Eats、foodpanda,Uber Eats、foodpanda,https://www.damingtea.com.tw/stores/,,https://maps.app.goo.gl/9cYH39PHsCk1iiQz9,"https://order.nidin.shop/menu/20208 | https://www.google.com/searchviewer/42?cvd=CLw_EicKJeICIjIgEhkiF9LX29IPEQoNL2cvMTF3MmNkdm4yahgAOgMI8A0%3D&hl=zh-Hant-TW&gl=tw&fo_m=MfohQo559jFvMUOzJVpjPL1YMfZ3bInYwBDuMfaXTPp5KXh-&utm_source=tactile&gei=rvcaatrnKrmAvr0P0bP4-AQ&ei=rvcaatrnKrmAvr0P0bP4-AQ&fo_s=OA,SOE&opi=79508299&ebb=1&cs=0&foub=mcpp | https://www.ubereats.com/tw/store/%E5%A4%A7%E8%8C%97%E6%9C%AC%E4%BD%8D%E8%A3%BD%E8%8C%B6%E5%A0%82-%E7%9B%8A%E6%B0%91%E9%8C%A6%E6%96%B0%E5%BA%97/3SXGA8HtUzWC5nH0-VSvPg?diningMode=DELIVERY&pl=JTdCJTIyYWRkcmVzcyUyMiUzQSUyMiVFOCU4NyVCQSVFNCVCOCVBRCVFNSU4NSVBQyVFNSU5QyU5MiUyMiUyQyUyMnJlZmVyZW5jZSUyMiUzQSUyMkNoSUo1U1FXbTJzOWFUUVJPOUNSeVBCWFRoQSUyMiUyQyUyMnJlZmVyZW5jZVR5cGUlMjIlM0ElMjJnb29nbGVfcGxhY2VzJTIyJTJDJTIybGF0aXR1ZGUlMjIlM0EyNC4xNDQ4MTg1JTJDJTIybG9uZ2l0dWRlJTIyJTNBMTIwLjY4NDQ3NjIlN0Q%3D","Stored Google Order panel re-check read visible, clickable providers by mode."
daming-056,台中水湳店,中部,台中市,北屯區,台中市北屯區中清路二段62號,04-22930050,10:00~22:00,confirmed,confirmed,True,True,Nidin、Uber Eats、foodpanda,Uber Eats、foodpanda,https://www.damingtea.com.tw/stores/,,https://www.google.com/maps?sca_esv=339a018dea4bc811&biw=1920&bih=1039&output=search&q=%E5%A4%A7%E8%8C%97%E6%B0%B4%E6%B9%B3%E5%BA%97&source=lnms&fbs=AEQNm0AaBOazvTRM_Uafu9eNJJzCbF5Xkn0WmZWrNBlhQ5AQFOZM5xYdfIIIZQZe9lZbbb-w3Fs5zfoBJEWWTRyL77ZurLZ6uk4N2YnnHSCn0ZZvzxiPDpma7oHLaViioEqFaNZIvQAdF5JMQROkwQgcnHLVxuTJ3WSNT5CscknUXPFn72pqTA8Q9H0oxCgSNJ005HZHMpoo&entry=mc&ved=1t:200715&ictx=111,"https://order.nidin.shop/menu/16873 | https://www.google.com/searchviewer/42?cvd=CLw_EicKJeICIjIgEhkiF9LX29IPEQoNL2cvMTF2ZGpta190dxgBOgMI8A0%3D&hl=zh-Hant-TW&gl=tw&fo_m=MfohQo559jFvMUOzJVpjPL1YMfZ3bInYwBDuMfaXTPp5KXh-&utm_source=tactile&gei=uvcaauDLF_2Ovr0P1feDgQo&ei=uvcaauDLF_2Ovr0P1feDgQo&fo_s=OA,SOE&opi=79508299&orderType=1&ebb=1&cs=0&foub=mcpp | https://www.ubereats.com/tw/store/%E5%A4%A7%E8%8C%97%E6%9C%AC%E4%BD%8D%E8%A3%BD%E8%8C%B6%E5%A0%82-%E5%8F%B0%E4%B8%AD%E6%B0%B4%E6%B9%B3%E5%BA%97/z6mSe9zjVb-RflPJXNXdeQ?diningMode=DELIVERY&pl=JTdCJTIyYWRkcmVzcyUyMiUzQSUyMiVFOCU4NyVCQSVFNCVCOCVBRCVFNSU4NSVBQyVFNSU5QyU5MiUyMiUyQyUyMnJlZmVyZW5jZSUyMiUzQSUyMkNoSUo1U1FXbTJzOWFUUVJPOUNSeVBCWFRoQSUyMiUyQyUyMnJlZmVyZW5jZVR5cGUlMjIlM0ElMjJnb29nbGVfcGxhY2VzJTIyJTJDJTIybGF0aXR1ZGUlMjIlM0EyNC4xNDQ4MTg1JTJDJTIybG9uZ2l0dWRlJTIyJTNBMTIwLjY4NDQ3NjIlN0Q%3D","Stored Google Order panel re-check read visible, clickable providers by mode."
daming-057,文心昌平店,中部,台中市,北屯區,台中市北屯區文心路四段801號,04-22417819,10:00~22:00,confirmed,confirmed,True,True,Nidin、Uber Eats、foodpanda,Uber Eats、foodpanda,https://www.damingtea.com.tw/stores/,,https://maps.app.goo.gl/8bAguB6kFTWurBsk7,"https://order.nidin.shop/menu/17585 | https://reurl.cc/ZVeVp6 | https://www.google.com/searchviewer/42?cvd=CLw_EicKJeICIjIgEhkiF9LX29IPEQoNL2cvMTF2bDlzMnloZhgBOgMI8A0%3D&hl=zh-Hant-TW&gl=tw&fo_m=MfohQo559jFvMUOzJVpjPL1YMfZ3bInYwBDuMfaXTPp5KXh-&utm_source=tactile&gei=x_caavLmMfuA1e8PqbuHmAM&ei=x_caavLmMfuA1e8PqbuHmAM&fo_s=OA,SOE&opi=79508299&orderType=1&ebb=1&cs=0&foub=mcpp","Stored Google Order panel re-check read visible, clickable providers by mode."
daming-058,東山軍功店,中部,台中市,北屯區,台中市北屯區東山路一段264號,04-24360888,10:00~21:30,confirmed,confirmed,True,True,Uber Eats、foodpanda,Uber Eats、foodpanda,https://www.damingtea.com.tw/stores/,,https://g.co/kgs/xwWLG67,https://www.google.com/search?sca_esv=b3de37e104a03232&sxsrf=ADLYWIJGPSzUFW0-rq5g6oEQ3a3zhQ1ViQ:1736908853072&kgmid=/g/11wt_n8gfj&q=%E5%A4%A7%E8%8C%97%E6%9C%AC%E4%BD%8D%E8%A3%BD%E8%8C%B6%E5%A0%82-%E6%9D%B1%E5%B1%B1%E8%BB%8D%E5%8A%9F%E5%BA%97&shndl=30&shem=uaasie&source=sh/x/loc/uni/m1/1&kgs=7d716552573c9b3e#sv=CAESzQEKuQEStgEKd0FNbjMteVNBYW52MlhMLWJRaHMyekREZncxVUlSU0NNNWdpb2QwZWZTWFNFSi1WOXYtMzRkUm52a3FLQl85V19pS1hCNTBQSlBRa2NpbXc2UW1TS3RWZ0FDRUJJTVlrZjNpNjlQcmxuQ3k3SHhaTTc2b3RVNWI0EhdTUlFiYW9fV01JZkkxZThQN3RUMndRURoiQUpLTEZtSkEtbTFUazRqY1M5NVhKLVc3UGNFWUhnZUJRZxIEODEyNBoBMyoAMAA4AUAAGCogg-m6hQw6AEoCEAE | https://www.ubereats.com/tw/store/%E5%A4%A7%E8%8C%97%E6%9C%AC%E4%BD%8D%E8%A3%BD%E8%8C%B6%E5%A0%82-%E6%9D%B1%E5%B1%B1%E8%BB%8D%E5%8A%9F%E5%BA%97/1NBpnweBUfOC-CKQtqdZ8g?srsltid=AfmBOooM4XR4C-YiwhdO8eDRk-1pVoNqr0THxh0yGJYL6cbxPylytmEW,"Stored Google Order panel re-check read visible, clickable providers by mode."
daming-002,漢神洲際店,中部,台中市,北屯區,台中市北屯區 崇德路三段865號B1,04-24213323,11:00~22:00,confirmed,no_gmb_order_button,False,False,,,https://www.damingtea.com.tw/stores/,,https://share.google/sr96Ik1BsLnVWMDfR,,No Google Order button was found during human-paced browser check.
daming-048,台中忠孝店,中部,台中市,南區,台中市南區台中路168號,04-22850065,10:00~23:00,confirmed,confirmed,True,True,Nidin、Uber Eats、foodpanda,Uber Eats、foodpanda,https://www.damingtea.com.tw/stores/,,https://maps.app.goo.gl/xwD8va8CbEkULA537,"https://order.nidin.shop/menu/17588 | https://www.google.com/searchviewer/42?cvd=CLw_EicKJeICIjIgEhkiF9LX29IPEQoNL2cvMTF2a3JqcjY0XxgBOgMI8A0%3D&hl=zh-Hant-TW&gl=tw&fo_m=MfohQo559jFvMUOzJVpjPL1YMfZ3bInYwBDuMfaXTPp5KXh-&utm_source=tactile&gei=4vcaaoi1A7vf1e8Pqc_40A4&ei=4vcaaoi1A7vf1e8Pqc_40A4&fo_s=OA,SOE&opi=79508299&orderType=1&ebb=1&cs=0&foub=mcpp | ubereats.com","Stored Google Order panel re-check read visible, clickable providers by mode."
daming-047,台中高工店,中部,台中市,南區,台中市南區美村南路140號,04-22600246,10:00~22:00,confirmed,confirmed,True,True,Nidin、Uber Eats、foodpanda,Nidin、Uber Eats、foodpanda,https://www.damingtea.com.tw/stores/,,https://maps.app.goo.gl/CSRPYF2yXbvMreVk9,https://order.nidin.shop/menu/13215 | https://reurl.cc/zD1DZa | https://www.google.com/search?q=%E5%A4%A7%E8%8C%97%E6%9C%AC%E4%BD%8D%E8%A3%BD%E8%8C%B6%E5%A0%82+%E5%8F%B0%E4%B8%AD%E9%AB%98%E5%B7%A5%E5%BA%97+%E5%8F%B0%E4%B8%AD%E5%B8%82%E5%8D%97%E5%8D%80%E7%BE%8E%E6%9D%91%E5%8D%97%E8%B7%AF140%E8%99%9F&hl=zh-TW#sv=CAESzQEKuQEStgEKd0FNbjMteVNySHVFckUxSkhRRXRBSmR0ME5aTXBWdzJNeTlaZDhqcVZBbmRncXNpYk9qVC04eW1RdExhTHVGNjdVLW82U1lnUVloZEl1R2dKYm9RTGRhR2prUHF2ZEZ1VTNxbHAxeVRJWElqNlhZbDhRaW9Ld1UwEhdacjhjYXAyNkNfdWt2cjBQajUzTXdRcxoiQUpLTEZtS0xTNGlfeHZ3bE9GbzhlU3VLcTJ1MFVfQXFKdxIEODEyNBoBMyoAMAA4AUAAGCogm5KQtQJKAhAB,Human-paced Google Order re-check opened the blue order flow and read providers.
daming-049,台中南屯店,中部,台中市,南屯區,台中市南屯區南屯路二段165號,04-24712368,10:00~22:00,confirmed,confirmed,True,True,Nidin、Uber Eats、foodpanda,Uber Eats、foodpanda,https://www.damingtea.com.tw/stores/,,https://maps.app.goo.gl/7Kqo5mxKeMBD8Awi7,"https://order.nidin.shop/menu/18109 | https://reurl.cc/0dv4vx | https://www.google.com/searchviewer/42?cvd=CLw_EicKJeICIjIgEhkiF9LX29IPEQoNL2cvMTF2cHI2anJ2YxgBOgMI8A0%3D&hl=zh-Hant-TW&gl=tw&fo_m=MfohQo559jFvMUOzJVpjPL1YMfZ3bInYwBDuMfaXTPp5KXh-&utm_source=tactile&gei=-_caaq_4E7vC1e8Pq_OwoAw&ei=-_caaq_4E7vC1e8Pq_OwoAw&fo_s=OA,SOE&opi=79508299&orderType=1&ebb=1&cs=0&foub=mcpp","Stored Google Order panel re-check read visible, clickable providers by mode."
daming-043,台中嶺東店,中部,台中市,南屯區,台中市南屯區永春南路125號,04-23862222,10:00~22:00,confirmed,confirmed,True,True,Nidin、Uber Eats、foodpanda,Uber Eats、foodpanda,https://www.damingtea.com.tw/stores/,,https://maps.app.goo.gl/CpATrYbCGjdxPRDP7,"https://order.nidin.shop/menu/23428 | https://www.google.com/searchviewer/42?cvd=CLw_EicKJeICIjIgEhkiF9LX29IPEQoNL2cvMTFtZGR6NHo3aBgAOgMI8A0%3D&hl=zh-Hant-TW&gl=tw&fo_m=MfohQo559jFvMUOzJVpjPL1YMfZ3bInYwBDuMfaXTPp5KXh-&utm_source=tactile&gei=CPgaat_cMoe0vr0Pvvuq2Qk&ei=CPgaat_cMoe0vr0Pvvuq2Qk&fo_s=OA,SOE&opi=79508299&ebb=1&cs=0&foub=mcpp | https://www.ubereats.com/tw/store/%E5%A4%A7%E8%8C%97%E6%9C%AC%E4%BD%8D%E8%A3%BD%E8%8C%B6%E5%A0%82-%E5%8F%B0%E4%B8%AD%E5%B6%BA%E6%9D%B1%E5%BA%97/qlV0lhOBXeiUGQRBN9ghWA?diningMode=DELIVERY&mod=merchantUnavailable&modctx=%257B%2522storeUuid%2522%253A%2522aa557496-1381-5de8-9419-044137d82158%2522%257D&ps=1","Stored Google Order panel re-check read visible, clickable providers by mode."
daming-050,台中黎明店,中部,台中市,南屯區,台中市南屯區黎明路二段367號,04-22559595,10:00~21:30,confirmed,confirmed,True,True,Nidin、Uber Eats、foodpanda,Uber Eats、foodpanda,https://www.damingtea.com.tw/stores/,,https://maps.app.goo.gl/MFFx2xeiCe9dFffHA,"https://order.nidin.shop/menu/13218 | https://reurl.cc/g6G6VX | https://www.google.com/searchviewer/42?cvd=CLw_EicKJeICIjIgEhkiF9LX29IPEQoNL2cvMTF0Y3J2NTZiOBgBOgMI8A0%3D&hl=zh-Hant-TW&gl=tw&fo_m=MfohQo559jFvMUOzJVpjPL1YMfZ3bInYwBDuMfaXTPp5KXh-&utm_source=tactile&gei=FPgaaqKTLtno1e8Pn8nIwAQ&ei=FPgaaqKTLtno1e8Pn8nIwAQ&fo_s=OA,SOE&opi=79508299&orderType=1&ebb=1&cs=0&foub=mcpp","Stored Google Order panel re-check read visible, clickable providers by mode."
daming-044,大里大明店,中部,台中市,大里區,台中市大里區東興里大明路285號,04-24876158,10:00~22:00,confirmed,confirmed,True,True,Nidin、Uber Eats、foodpanda,Uber Eats、foodpanda,https://www.damingtea.com.tw/stores/,https://www.damingtea.com.tw/stores-detail/159__2/,https://g.co/kgs/EPdQ6D4,https://order.nidin.shop/menu/23281 | https://www.google.com/search?sca_esv=17664b907582ebc9&cs=0&output=search&kgmid=/g/11x891ffrk&q=%E5%A4%A7%E8%8C%97%E6%9C%AC%E4%BD%8D%E8%A3%BD%E8%8C%B6%E5%A0%82-%E5%A4%A7%E9%87%8C%E5%A4%A7%E6%98%8E%E5%BA%97&shndl=30&source=sh/x/kp/local/m1/1&kgs=dad7e8d7fb9000ac#sv=CAESzQEKuQEStgEKd0FNbjMteVE2azQ2YlJuX2FIWXhIeHZzNmN1Yi1qUE1SLTAzSXhrTEVab3hQZGRSSW1XV0hNbmFqSk9HbGsyRW4yMjI5dnNWVzh1c0dqWkZlUFo1eFZKU3EzVEtOd2xPYkJLLXZrVnpwdjFDbHFtRjVkWWp3UktjEhdCeFViYXRYR09NbjIxZThQbHFpYzBBdxoiQUpLTEZtTDlOeW1xaUVSSVZfVXV2eWUyR0VMaVVZa0hYZxIEODEyNBoBMyoAMAA4AUAAGCoglPfbgQM6AEoCEAE | https://www.ubereats.com/tw/store/%E5%A4%A7%E8%8C%97%E6%9C%AC%E4%BD%8D%E8%A3%BD%E8%8C%B6%E5%A0%82-%E5%A4%A7%E9%87%8C%E5%A4%A7%E6%98%8E%E5%BA%97/RmT0ZwtVVdqw6UmRADrvQQ?diningMode=DELIVERY,"Stored Google Order panel re-check read visible, clickable providers by mode."
daming-045,大里成功店,中部,台中市,大里區,台中市大里區成功路391號,04-24966008,10:00~22:00,confirmed,confirmed,True,True,Nidin、Uber Eats、foodpanda,Uber Eats、foodpanda,https://www.damingtea.com.tw/stores/,https://www.damingtea.com.tw/stores-detail/159/,https://maps.app.goo.gl/UcLBBCrNit1wcy1v5,"https://order.nidin.shop/menu/22101 | https://www.google.com/searchviewer/42?cvd=CLw_EicKJeICIjIgEhkiF9LX29IPEQoNL2cvMTFsdGo4Zmd4MBgBOgMI8A0%3D&hl=zh-Hant-TW&gl=tw&fo_m=MfohQo559jFvMUOzJVpjPL1YMfZ3bInYwBDuMfaXTPp5KXh-&utm_source=tactile&gei=Kfgaau2JAr23vr0P9ejW0QU&ei=Kfgaau2JAr23vr0P9ejW0QU&fo_s=OA,SOE&opi=79508299&orderType=1&ebb=1&cs=0&foub=mcpp | https://www.ubereats.com/tw/store/%E5%A4%A7%E8%8C%97%E6%9C%AC%E4%BD%8D%E8%A3%BD%E8%8C%B6%E5%A0%82-%E5%A4%A7%E9%87%8C%E6%88%90%E5%8A%9F%E5%BA%97/DQfjc4ySWiuLB97vvhNx4w?utm_campaign=CM2508147-search-free-nonbrand-google-pas_e_all_acq_Global&utm_medium=search-free-nonbrand&utm_source=google-pas","Stored Google Order panel re-check read visible, clickable providers by mode."
daming-042,台中大雅店,中部,台中市,大雅區,台中市大雅區中清東路277號,04-25601811,10:00~22:00,confirmed,confirmed,True,True,Nidin、Uber Eats、foodpanda,Uber Eats、foodpanda,https://www.damingtea.com.tw/stores/,,https://maps.app.goo.gl/Z6EtN8cfAfJekaLV9,"https://order.nidin.shop/menu/18403 | https://reurl.cc/NlQlLe | https://www.google.com/searchviewer/42?cvd=CLw_EicKJeICIjIgEhkiF9LX29IPEQoNL2cvMTF2cXoxZzBfaxgBOgMI8A0%3D&hl=zh-Hant-TW&gl=tw&fo_m=MfohQo559jFvMUOzJVpjPL1YMfZ3bInYwBDuMfaXTPp5KXh-&utm_source=tactile&gei=NvgaaraWGKeavr0P1ebVmAI&ei=NvgaaraWGKeavr0P1ebVmAI&fo_s=OA,SOE&opi=79508299&orderType=1&ebb=1&cs=0&foub=mcpp","Stored Google Order panel re-check read visible, clickable providers by mode."
daming-059,太平永義店,中部,台中市,太平區,台中市太平區太平路686號,04-23510889,9:30~21:30,confirmed,confirmed,True,True,Nidin、Uber Eats,Uber Eats,https://www.damingtea.com.tw/stores/,,https://maps.app.goo.gl/oahzYi5kcWbtQfLQA,"https://order.nidin.shop/menu/18607 | https://reurl.cc/E6jg0v | https://www.google.com/searchviewer/42?cvd=CLw_EicKJeICIjIgEhkiF9LX29IPEQoNL2cvMTF2d2pnNnYxYhgBOgMI8A0%3D&hl=zh-Hant-TW&gl=tw&fo_m=MfohQo559jFvMUOzJVpjPL1YMfZ3bInYwBDuMfaXTPp5KXh-&utm_source=tactile&gei=Q_gaaqyKL-ijvr0P2Nz3wAs&ei=Q_gaaqyKL-ijvr0P2Nz3wAs&fo_s=OA,SOE&opi=79508299&orderType=1&ebb=1&cs=0&foub=mcpp","Stored Google Order panel re-check read visible, clickable providers by mode."
daming-060,太平精武東店,中部,台中市,東區,台中市東區精武東路152號,04-22152134,10:00~22:00,confirmed,confirmed,True,True,Nidin、Uber Eats、foodpanda,Uber Eats、foodpanda,https://www.damingtea.com.tw/stores/,,https://maps.app.goo.gl/J3GdMT3mqXFqpdBc9,"https://order.nidin.shop/menu/18112 | https://www.google.com/searchviewer/42?cvd=CLw_EicKJeICIjIgEhkiF9LX29IPEQoNL2cvMTF2cmwxam44ORgBOgMI8A0%3D&hl=zh-Hant-TW&gl=tw&fo_m=MfohQo559jFvMUOzJVpjPL1YMfZ3bInYwBDuMfaXTPp5KXh-&utm_source=tactile&gei=UfgaaobSCOz21e8Pqu37qAg&ei=UfgaaobSCOz21e8Pqu37qAg&fo_s=OA,SOE&opi=79508299&orderType=1&ebb=1&cs=0&foub=mcpp | https://www.ubereats.com/tw/store/%E5%A4%A7%E8%8C%97%E6%9C%AC%E4%BD%8D%E8%A3%BD%E8%8C%B6%E5%A0%82-%E7%B2%BE%E6%AD%A6%E6%9D%B1%E5%BA%97/bEofVx4IW3mXu7GwAOKm8w?srsltid=AfmBOorYjWTBHzBl-x9xUqtyCOqkLvy497hdyXr05d-biPBwShT3Up_g","Stored Google Order panel re-check read visible, clickable providers by mode."
daming-040,沙鹿鎮南店,中部,台中市,沙鹿區,台中市沙鹿區四平街55號,04-26362999,10:00~20:30,confirmed,confirmed,True,True,Nidin、Uber Eats、foodpanda,Uber Eats、foodpanda,https://www.damingtea.com.tw/stores/,https://www.damingtea.com.tw/stores-detail/153/,https://maps.app.goo.gl/vt9rqfvmKcVgCs3N8,"https://order.nidin.shop/menu/22380 | https://www.google.com/searchviewer/42?cvd=CLw_EicKJeICIjIgEhkiF9LX29IPEQoNL2cvMTF3eHNrdjZoeRgBOgMI8A0%3D&hl=zh-Hant-TW&gl=tw&fo_m=MfohQo559jFvMUOzJVpjPL1YMfZ3bInYwBDuMfaXTPp5KXh-&utm_source=tactile&gei=XvgaauaEJYvM1e8P1_Dg8Qc&ei=XvgaauaEJYvM1e8P1_Dg8Qc&fo_s=OA,SOE&opi=79508299&orderType=1&ebb=1&cs=0&foub=mcpp | https://www.ubereats.com/tw/store/%E5%A4%A7%E8%8C%97%E6%9C%AC%E4%BD%8D%E8%A3%BD%E8%8C%B6%E5%A0%82-%E6%B2%99%E9%B9%BF%E9%8E%AE%E5%8D%97%E5%BA%97/eiHF_qasVtGCfXZFmXh2GA?diningMode=DELIVERY&pl=JTdCJTIyYWRkcmVzcyUyMiUzQSUyMiVFOCU4NyVCQSVFNCVCOCVBRCVFNSU4NSVBQyVFNSU5QyU5MiUyMiUyQyUyMnJlZmVyZW5jZSUyMiUzQSUyMkNoSUo1U1FXbTJzOWFUUVJPOUNSeVBCWFRoQSUyMiUyQyUyMnJlZmVyZW5jZVR5cGUlMjIlM0ElMjJnb29nbGVfcGxhY2VzJTIyJTJDJTIybGF0aXR1ZGUlMjIlM0EyNC4xNDQ4MTg1JTJDJTIybG9uZ2l0dWRlJTIyJTNBMTIwLjY4NDQ3NjIlN0Q%3D","Stored Google Order panel re-check read visible, clickable providers by mode."
daming-010,台中清水店,中部,台中市,清水區,台中市清水區中山路199號,04-26225666,10:00~20:30,confirmed,confirmed,True,True,Nidin、Uber Eats、foodpanda、外送平台（待確認）,Uber Eats、foodpanda,https://www.damingtea.com.tw/stores/,,https://share.google/6lOr7QDbWe55IBlEF,"https://order.nidin.shop/menu/26269 | https://reurl.cc/lpYlV6 | https://www.google.com/search?sca_esv=18843b6b8377da35&sxsrf=AE3TifNqRcel3JwX4L0rWziz-DJrKHbv3A:1757475492671&kgmid=/g/11xssj10xd&q=%E5%A4%A7%E8%8C%97%E6%9C%AC%E4%BD%8D%E8%A3%BD%E8%8C%B6%E5%A0%82-%E5%8F%B0%E4%B8%AD%E6%B8%85%E6%B0%B4%E5%BA%97&shndl=30&shem=lcuae,lsptbl1,uaasie,shrtsdl&source=sh/x/loc/uni/m1/1&kgs=33d6ba3b677569ac&utm_source=lcuae,lsptbl1,uaasie,shrtsdl,sh/x/loc/uni/m1/1#sv=CAESzQEKuQEStgEKd0FNbjMteVFSd1FTRU1wb3RYQ1V0dGcwS1FULXE3TzFKVmZBVUVsbnRRN281NEpEbExPUVVMdlZfY3RnMkpMNEtGNUZoVm1WUDJZX0RKZC1HVGxsbjJaWmhMV2NXU2IzdllKZ1o5bnNYMFpPTVhOQXl3VXNNckFzEhdvUlViYW9DRU1QTzN2cjBQeHVLQjJRTRoiQUpLTEZtS2FNdlFHRUg0Rks4M1FDNUpVbG1OLWlTR29RdxIEODEyNBoBMyoAMAA4AUAAGCoglKGW_AQ6AEoCEAE","Stored Google Order panel re-check read visible, clickable providers by mode."
daming-011,台中潭子店,中部,台中市,潭子區,台中市潭子區勝利路321號,04-25341091,10:00~22:00,confirmed,confirmed,True,True,Nidin、Uber Eats、foodpanda,Uber Eats、foodpanda,https://www.damingtea.com.tw/stores/,,https://share.google/yZSwsTm7f5R4qWxmm,"https://order.nidin.shop/menu/26266 | https://reurl.cc/kpo949 | https://www.google.com/search?sca_esv=18843b6b8377da35&sxsrf=AE3TifNaFghfV-8aOvTeyBZcTQUQgfNl6g:1757475311538&kgmid=/g/11xswnw_kp&q=%E5%A4%A7%E8%8C%97%E6%9C%AC%E4%BD%8D%E8%A3%BD%E8%8C%B6%E5%A0%82-%E6%BD%AD%E5%AD%90%E5%8B%9D%E5%88%A9%E5%BA%97&shndl=30&shem=lcuae,lsptbl1,uaasie,shrtsdl&source=sh/x/loc/uni/m1/1&kgs=3b279cdc83cb4cc2&utm_source=lcuae,lsptbl1,uaasie,shrtsdl,sh/x/loc/uni/m1/1#sv=CAESzQEKuQEStgEKd0FNbjMteVFiQ1hsSUtIRlJ6N1ZnYnRLNk01LVRCRGkzWnZhMmFTRVVNeEx6MU9WN0I3WWdYY2phclBVQVJIQUpwSDB0WGhSSTFmeV9LQVBMQi01Y3JmdHRVVWxxYUEzLWNRNkdPYjh4U2JvTmd3WWhvUGlJcXFrEhdzaFViYXJYV0FZYkYxZThQMkpXOXVRWRoiQUpLTEZtSXIxRVUtYnlHR1ZqWF93SDBlcktTS2tOcmZzQRIEODEyNBoBMyoAMAA4AUAAGCogyPbL-AM6AEoCEAE","Stored Google Order panel re-check read visible, clickable providers by mode."
daming-016,台中烏日店,中部,台中市,烏日區,台中市烏日區中山路一段486號,04-23379565,09:30~21:30,confirmed,confirmed,True,True,Uber Eats、foodpanda,Uber Eats、foodpanda,https://www.damingtea.com.tw/stores/,,https://maps.app.goo.gl/UJFtPuf1B3nXNXmP8,"https://www.google.com/searchviewer/42?cvd=CLw_EicKJeICIjIgEhkiF9LX29IPEQoNL2cvMTF2enJ0ejdkcRgBOgMI8A0%3D&hl=zh-Hant-TW&gl=tw&fo_m=MfohQo559jFvMUOzJVpjPL1YMfZ3bInYwBDuMfaXTPp5KXh-&utm_source=tactile&gei=ePgaarGhBcaDvr0PwaDhwQY&ei=ePgaarGhBcaDvr0PwaDhwQY&fo_s=OA,SOE&opi=79508299&orderType=1&ebb=1&cs=0&foub=mcpp | https://www.ubereats.com/tw/store/%E5%A4%A7%E8%8C%97%E6%9C%AC%E4%BD%8D%E8%A3%BD%E8%8C%B6%E5%A0%82-%E5%8F%B0%E4%B8%AD%E7%83%8F%E6%97%A5%E5%BA%97/Nw9NpGJ2UxanpZCZ6eTIJQ?utm_campaign=CM2508147-search-free-nonbrand-google-pas_e_all_acq_Global&utm_medium=search-free-nonbrand&utm_source=google-pas","Stored Google Order panel re-check read visible, clickable providers by mode."
daming-065,勤美模範店,中部,台中市,西區,台中市西區模範街23巷23號,04-23012366,10:00~22:00,confirmed,confirmed,True,True,Nidin、Uber Eats、foodpanda,Uber Eats、foodpanda,https://www.damingtea.com.tw/stores/,,https://maps.app.goo.gl/6YYiuNFCqG4iLfWXA,"https://order.nidin.shop/menu/14440 | https://reurl.cc/93v3zj | https://www.google.com/searchviewer/42?cvd=CLw_EicKJeICIjIgEhkiF9LX29IPEQoNL2cvMTFueTF6OGtoNRgAOgMI8A0%3D&hl=zh-Hant-TW&gl=tw&fo_m=MfohQo559jFvMUOzJVpjPL1YMfZ3bInYwBDuMfaXTPp5KXh-&utm_source=tactile&gei=hfgaap_4Ic-zvr0P2fXI4Qg&ei=hfgaap_4Ic-zvr0P2fXI4Qg&fo_s=OA,SOE&opi=79508299&ebb=1&cs=0&foub=mcpp","Stored Google Order panel re-check read visible, clickable providers by mode."
daming-064,勤美誠品綠園道店,中部,台中市,西區,台中市西區公益路68號B1,04-23210823,11:00~21:30,confirmed,no_gmb_order_button,False,False,,,https://www.damingtea.com.tw/stores/,,https://share.google/CI5jYQ2IPiMFBwI72,,No Google Order button was found during human-paced browser check.
daming-051,世貿中工店,中部,台中市,西屯區,台中市西屯區中工三路151號,04-23595860,10:00~20:30,confirmed,confirmed,True,True,Nidin、Uber Eats、foodpanda,Uber Eats、foodpanda,https://www.damingtea.com.tw/stores/,,https://maps.app.goo.gl/ghpjmkrQmTYHUUzD8,"https://order.nidin.shop/menu/16420 | https://reurl.cc/MjOjKp | https://www.google.com/searchviewer/42?cvd=CLw_EicKJeICIjIgEhkiF9LX29IPEQoNL2cvMTFsMW43enhmbRgBOgMI8A0%3D&hl=zh-Hant-TW&gl=tw&fo_m=MfohQo559jFvMUOzJVpjPL1YMfZ3bInYwBDuMfaXTPp5KXh-&utm_source=tactile&gei=l_gaaoyzEtSovr0Pyqjh2Qc&ei=l_gaaoyzEtSovr0Pyqjh2Qc&fo_s=OA,SOE&opi=79508299&orderType=1&ebb=1&cs=0&foub=mcpp","Stored Google Order panel re-check read visible, clickable providers by mode."
daming-055,逢甲福星店,中部,台中市,西屯區,台中市西屯區福星路297號,04-24520103,11:00~23:00,confirmed,confirmed,True,True,Nidin、Uber Eats、foodpanda,Uber Eats、foodpanda,https://www.damingtea.com.tw/stores/,,https://maps.app.goo.gl/gK5BsAeE7X6ddSzt9,"https://order.nidin.shop/menu/20775 | https://www.google.com/searchviewer/42?cvd=CLw_EicKJeICIjIgEhkiF9LX29IPEQoNL2cvMTF3ODM4OGhfXxgBOgMI8A0%3D&hl=zh-Hant-TW&gl=tw&fo_m=MfohQo559jFvMUOzJVpjPL1YMfZ3bInYwBDuMfaXTPp5KXh-&utm_source=tactile&gei=pPgaatj3LO3q1e8PvJuvyQU&ei=pPgaatj3LO3q1e8PvJuvyQU&fo_s=OA,SOE&opi=79508299&orderType=1&ebb=1&cs=0&foub=mcpp | https://www.ubereats.com/tw/store/%E5%A4%A7%E8%8C%97%E6%9C%AC%E4%BD%8D%E8%A3%BD%E8%8C%B6%E5%A0%82-%E9%80%A2%E7%94%B2%E7%A6%8F%E6%98%9F%E5%BA%97/VAMvDnTMU0SG-lGM-MMEyQ?diningMode=DELIVERY&pl=JTdCJTIyYWRkcmVzcyUyMiUzQSUyMiVFOCU4NyVCQSVFNCVCOCVBRCVFNSU4NSVBQyVFNSU5QyU5MiUyMiUyQyUyMnJlZmVyZW5jZSUyMiUzQSUyMkNoSUo1U1FXbTJzOWFUUVJPOUNSeVBCWFRoQSUyMiUyQyUyMnJlZmVyZW5jZVR5cGUlMjIlM0ElMjJnb29nbGVfcGxhY2VzJTIyJTJDJTIybGF0aXR1ZGUlMjIlM0EyNC4xNDQ4MTg1JTJDJTIybG9uZ2l0dWRlJTIyJTNBMTIwLjY4NDQ3NjIlN0Q%3D&utm_campaign=CM2508147-search-free-nonbrand-google-pas_e_all_acq_Global&utm_medium=search-free-nonbrand&utm_source=google-pas","Stored Google Order panel re-check read visible, clickable providers by mode."
daming-054,逢甲西屯店,中部,台中市,西屯區,台中市西屯區西屯路二段259號,04-24520661,10:00~22:00,confirmed,confirmed,True,True,Nidin、Uber Eats、foodpanda,Uber Eats、foodpanda,https://www.damingtea.com.tw/stores/,,https://maps.app.goo.gl/KsewVty3hHf52R399,"https://order.nidin.shop/menu/14185 | https://reurl.cc/5dvdv6 | https://www.google.com/searchviewer/42?cvd=CLw_EicKJeICIjIgEhkiF9LX29IPEQoNL2cvMTFzY19zbTdtMxgBOgMI8A0%3D&hl=zh-Hant-TW&gl=tw&fo_m=MfohQo559jFvMUOzJVpjPL1YMfZ3bInYwBDuMfaXTPp5KXh-&utm_source=tactile&gei=svgaauz-C6LT1e8P056l-As&ei=svgaauz-C6LT1e8P056l-As&fo_s=OA,SOE&opi=79508299&orderType=1&ebb=1&cs=0&foub=mcpp","Stored Google Order panel re-check read visible, clickable providers by mode."
daming-053,青海漢口店,中部,台中市,西屯區,台中市西屯區漢口路二段2號,04-23141667,10:00~22:00,confirmed,confirmed,True,True,Nidin、Uber Eats、foodpanda,Uber Eats、foodpanda,https://www.damingtea.com.tw/stores/,https://www.damingtea.com.tw/stores-detail/159__3/,https://maps.app.goo.gl/RA7Hm5j55YdDxcFw6,"https://order.nidin.shop/menu/23425 | https://www.google.com/searchviewer/42?cvd=CLw_EicKJeICIjIgEhkiF9LX29IPEQoNL2cvMTFtZDN5ZDNubBgBOgMI8A0%3D&hl=zh-Hant-TW&gl=tw&fo_m=MfohQo559jFvMUOzJVpjPL1YMfZ3bInYwBDuMfaXTPp5KXh-&utm_source=tactile&gei=v_gaaqzdJ_G8vr0Pk-CE4Qw&ei=v_gaaqzdJ_G8vr0Pk-CE4Qw&fo_s=OA,SOE&opi=79508299&orderType=1&ebb=1&cs=0&foub=mcpp | https://www.ubereats.com/tw/store/%E5%A4%A7%E8%8C%97%E6%9C%AC%E4%BD%8D%E8%A3%BD%E8%8C%B6%E5%A0%82-%E9%9D%92%E6%B5%B7%E6%BC%A2%E5%8F%A3%E5%BA%97/_ZYSqpIaUTyCVkDSfjHkEg?diningMode=DELIVERY","Stored Google Order panel re-check read visible, clickable providers by mode."
daming-041,豐原中正店,中部,台中市,豐原區,台中市豐原區中正路254號,04-25268877,10:00~22:00,confirmed,confirmed,True,True,Nidin、Uber Eats、foodpanda,Uber Eats、foodpanda,https://www.damingtea.com.tw/stores/,,https://maps.app.goo.gl/fdsTFAoyrwjWcnTz5,"https://order.nidin.shop/menu/19188 | https://reurl.cc/g6GedL | https://www.google.com/searchviewer/42?cvd=CLw_EicKJeICIjIgEhkiF9LX29IPEQoNL2cvMTF5NGIydmxzdBgAOgMI8A0%3D&hl=zh-Hant-TW&gl=tw&fo_m=MfohQo559jFvMUOzJVpjPL1YMfZ3bInYwBDuMfaXTPp5KXh-&utm_source=tactile&gei=zfgaaqGkBZPi1e8P6_2v-Q0&ei=zfgaaqGkBZPi1e8P6_2v-Q0&fo_s=OA,SOE&opi=79508299&ebb=1&cs=0&foub=mcpp","Stored Google Order panel re-check read visible, clickable providers by mode."
daming-046,台中霧峰店,中部,台中市,霧峰區,台中市霧峰區中正路893號,04-23399245,10:00~22:00,confirmed,confirmed,True,True,Uber Eats、foodpanda,Uber Eats、foodpanda,https://www.damingtea.com.tw/stores/,,https://maps.app.goo.gl/UJFtPuf1B3nXNXmP8,"https://reurl.cc/E6jVva | https://www.google.com/searchviewer/42?cvd=CLw_EicKJeICIjIgEhkiF9LX29IPEQoNL2cvMTF2enJ0ejdkcRgBOgMI8A0%3D&hl=zh-Hant-TW&gl=tw&fo_m=MfohQo559jFvMUOzJVpjPL1YMfZ3bInYwBDuMfaXTPp5KXh-&utm_source=tactile&gei=2Pgaavn0O7umvr0P2YGcuAs&ei=2Pgaavn0O7umvr0P2YGcuAs&fo_s=OA,SOE&opi=79508299&orderType=1&ebb=1&cs=0&foub=mcpp | https://www.ubereats.com/tw/store/%E5%A4%A7%E8%8C%97%E6%9C%AC%E4%BD%8D%E8%A3%BD%E8%8C%B6%E5%A0%82-%E5%8F%B0%E4%B8%AD%E9%9C%A7%E5%B3%B0%E5%BA%97/Ux-7VP-5U0ya7lwUzeI0Wg?diningMode=DELIVERY&pl=JTdCJTIyYWRkcmVzcyUyMiUzQSUyMiVFOCU4NyVCQSVFNCVCOCVBRCVFNSU4NSVBQyVFNSU5QyU5MiUyMiUyQyUyMnJlZmVyZW5jZSUyMiUzQSUyMkNoSUo1U1FXbTJzOWFUUVJPOUNSeVBCWFRoQSUyMiUyQyUyMnJlZmVyZW5jZVR5cGUlMjIlM0ElMjJnb29nbGVfcGxhY2VzJTIyJTJDJTIybGF0aXR1ZGUlMjIlM0EyNC4xNDQ4MTg1JTJDJTIybG9uZ2l0dWRlJTIyJTNBMTIwLjY4NDQ3NjIlN0Q%3D","Stored Google Order panel re-check read visible, clickable providers by mode."
daming-052,台中東海店,中部,台中市,龍井區,台中市龍井區台灣大道五段3巷68之1號,04-26528808,10:00~22:00,confirmed,confirmed,True,True,Nidin、Uber Eats、foodpanda,Uber Eats、foodpanda,https://www.damingtea.com.tw/stores/,,https://maps.app.goo.gl/Q29w8uZZxqYRBBod9,"https://order.nidin.shop/menu/19191 | https://reurl.cc/jyya2L | https://www.google.com/searchviewer/42?cvd=CLw_EicKJeICIjIgEhkiF9LX29IPEQoNL2cvMTF5M2ozZHY4ehgAOgMI8A0%3D&hl=zh-Hant-TW&gl=tw&fo_m=MfohQo559jFvMUOzJVpjPL1YMfZ3bInYwBDuMfaXTPp5KXh-&utm_source=tactile&gei=5vgaauHuF4721e8PqfGtWQ&ei=5vgaauHuF4721e8PqfGtWQ&fo_s=OA,SOE&opi=79508299&ebb=1&cs=0&foub=mcpp","Stored Google Order panel re-check read visible, clickable providers by mode."
daming-066,員林林森店,中部,彰化縣,員林市,彰化縣員林市林森路臨258號,04-8363738,10:00~21:30,confirmed,confirmed,True,True,Nidin、Uber Eats、foodpanda,Uber Eats、foodpanda,https://www.damingtea.com.tw/stores/,,https://maps.app.goo.gl/2JTX5xG1AVJ2eadb9,"https://order.nidin.shop/menu/17768 | https://www.google.com/searchviewer/42?cvd=CLw_EicKJeICIjIgEhkiF9LX29IPEQoNL2cvMTFsNzdyZzZrMBgBOgMI8A0%3D&hl=zh-Hant-TW&gl=tw&fo_m=MfohQo559jFvMUOzJVpjPL1YMfZ3bInYwBDuMfaXTPp5KXh-&utm_source=tactile&gei=8vgaatLoFOii1e8PqseT4AY&ei=8vgaatLoFOii1e8PqseT4AY&fo_s=OA,SOE&opi=79508299&orderType=1&ebb=1&cs=0&foub=mcpp | https://www.ubereats.com/tw/store/%E5%A4%A7%E8%8C%97%E6%9C%AC%E4%BD%8D%E8%A3%BD%E8%8C%B6%E5%A0%82-%E5%93%A1%E6%9E%97%E6%9E%97%E6%A3%AE%E5%BA%97/4qlQ95QAVXSBp0WG0vZ1yg?utm_campaign=CM2508147-search-free-nonbrand-google-pas_e_all_acq_Global&utm_medium=search-free-nonbrand&utm_source=google-pas","Stored Google Order panel re-check read visible, clickable providers by mode."
daming-067,彰化彰基店,中部,彰化縣,彰化市,彰化縣彰化市中山路二段246號,04-7237168,10:00~21:30,confirmed,confirmed,True,True,Nidin、Uber Eats、foodpanda,Uber Eats、foodpanda,https://www.damingtea.com.tw/stores/,,https://maps.app.goo.gl/RbdDbNyFuGNCRR4s8,"https://order.nidin.shop/menu/19347 | https://reurl.cc/933x9a | https://www.google.com/searchviewer/42?cvd=CLw_EicKJeICIjIgEhkiF9LX29IPEQoNL2cvMTF2d3Izd2ZubRgBOgMI8A0%3D&hl=zh-Hant-TW&gl=tw&fo_m=MfohQo559jFvMUOzJVpjPL1YMfZ3bInYwBDuMfaXTPp5KXh-&utm_source=tactile&gei=__gaaryAKeSnvr0P_s-58Ao&ei=__gaaryAKeSnvr0P_s-58Ao&fo_s=OA,SOE&opi=79508299&orderType=1&ebb=1&cs=0&foub=mcpp","Stored Google Order panel re-check read visible, clickable providers by mode."
daming-038,竹南博愛店,中部,苗栗縣,竹南鎮,苗栗縣竹南鎮延平路112號,037-484589,10:00~20:00,confirmed,confirmed,True,True,Nidin、Uber Eats、foodpanda,Uber Eats、foodpanda,https://www.damingtea.com.tw/stores/,,https://maps.app.goo.gl/KSqtAcbWLjTTmNZPA,"https://order.nidin.shop/menu/22425 | https://www.google.com/searchviewer/42?cvd=CLw_EicKJeICIjIgEhkiF9LX29IPEQoNL2cvMTF3eTBnMmc0ZxgBOgMI8A0%3D&hl=zh-Hant-TW&gl=tw&fo_m=MfohQo559jFvMUOzJVpjPL1YMfZ3bInYwBDuMfaXTPp5KXh-&utm_source=tactile&gei=DfkaauW-Brnq1e8P7K_amAU&ei=DfkaauW-Brnq1e8P7K_amAU&fo_s=OA,SOE&opi=79508299&orderType=1&ebb=1&cs=0&foub=mcpp | https://www.ubereats.com/tw/store/%E5%A4%A7%E8%8C%97%E6%9C%AC%E4%BD%8D%E8%A3%BD%E8%8C%B6%E5%A0%82-%E7%AB%B9%E5%8D%97%E5%8D%9A%E6%84%9B%E5%BA%97/YNf-t9yJWT2OMMRh9p---g?srsltid=AfmBOooAXxZQsgeD_p2GfsU4d2QStFJjCkjo-3kvQLn39ctvLwF0vhxm","Stored Google Order panel re-check read visible, clickable providers by mode."
daming-039,苗栗府前店,中部,苗栗縣,苗栗市,苗栗縣苗栗市府前路165號,037-320808,10:00~21:00,confirmed,confirmed,True,True,Nidin、Uber Eats、foodpanda,Uber Eats、foodpanda,https://www.damingtea.com.tw/stores/,,https://maps.app.goo.gl/wmwE1i6jnC36iz8L7,"https://order.nidin.shop/menu/15127 | https://reurl.cc/nvvX1v | https://www.google.com/searchviewer/42?cvd=CLw_EicKJeICIjIgEhkiF9LX29IPEQoNL2cvMTFrajFiOTEychgAOgMI8A0%3D&hl=zh-Hant-TW&gl=tw&fo_m=MfohQo559jFvMUOzJVpjPL1YMfZ3bInYwBDuMfaXTPp5KXh-&utm_source=tactile&gei=GvkaaubMHqy_vr0PkO7HsQ8&ei=GvkaaubMHqy_vr0PkO7HsQ8&fo_s=OA,SOE&opi=79508299&ebb=1&cs=0&foub=mcpp","Stored Google Order panel re-check read visible, clickable providers by mode."
daming-068,斗六中山店,中部,雲林縣,斗六市,雲林縣斗六市中山路306號,0981-595942,10:00~22:00,confirmed,confirmed,True,True,Nidin、Uber Eats、foodpanda、外送平台（待確認）,Uber Eats、foodpanda,https://www.damingtea.com.tw/stores/,https://www.damingtea.com.tw/stores-detail/155/,https://maps.app.goo.gl/rzyfu9RVXvkTP5Kk6,"https://order.nidin.shop/menu/22359 | https://reurl.cc/j6rVLy | https://www.google.com/searchviewer/42?cvd=CLw_EicKJeICIjIgEhkiF9LX29IPEQoNL2cvMTF5OXBoMGpzXxgBOgMI8A0%3D&hl=zh-Hant-TW&gl=tw&fo_m=MfohQo559jFvMUOzJVpjPL1YMfZ3bInYwBDuMfaXTPp5KXh-&utm_source=tactile&gei=J_kaaqT3PPOPvr0Pw4rssQs&ei=J_kaaqT3PPOPvr0Pw4rssQs&fo_s=OA,SOE&opi=79508299&orderType=1&ebb=1&cs=0&foub=mcpp","Stored Google Order panel re-check read visible, clickable providers by mode."
daming-071,台南中正店,南部,台南市,中西區,台南市中西區中正路89號,0912-111678,10:00~20:30,confirmed,confirmed,True,True,Nidin、Uber Eats、foodpanda,Uber Eats、foodpanda,https://www.damingtea.com.tw/stores/,,https://maps.app.goo.gl/nMEqSBCavMes6z6i8,"https://order.nidin.shop/menu/16906 | https://www.google.com/searchviewer/42?cvd=CLw_EicKJeICIjIgEhkiF9LX29IPEQoNL2cvMTF2NXM3NGtwahgBOgMI8A0%3D&hl=zh-Hant-TW&gl=tw&fo_m=MfohQo559jFvMUOzJVpjPL1YMfZ3bInYwBDuMfaXTPp5KXh-&utm_source=tactile&gei=Nfkaave0F_uA1e8PqbuHmAM&ei=Nfkaave0F_uA1e8PqbuHmAM&fo_s=OA,SOE&opi=79508299&orderType=1&ebb=1&cs=0&foub=mcpp | https://www.ubereats.com/tw/store/%E5%A4%A7%E8%8C%97%E6%9C%AC%E4%BD%8D%E8%A3%BD%E8%8C%B6%E5%A0%82-%E5%8F%B0%E5%8D%97%E4%B8%AD%E6%AD%A3%E5%BA%97/y1yh62eGVkmu9Kt1WFbbPQ?diningMode=DELIVERY&pl=JTdCJTIyYWRkcmVzcyUyMiUzQSUyMiVFOCU4NyVCQSVFNCVCOCVBRCVFNSU4NSVBQyVFNSU5QyU5MiUyMiUyQyUyMnJlZmVyZW5jZSUyMiUzQSUyMkNoSUo1U1FXbTJzOWFUUVJPOUNSeVBCWFRoQSUyMiUyQyUyMnJlZmVyZW5jZVR5cGUlMjIlM0ElMjJnb29nbGVfcGxhY2VzJTIyJTJDJTIybGF0aXR1ZGUlMjIlM0EyNC4xNDQ4MTg1JTJDJTIybG9uZ2l0dWRlJTIyJTNBMTIwLjY4NDQ3NjIlN0Q%3D","Stored Google Order panel re-check read visible, clickable providers by mode."
daming-074,台南安南店,南部,台南市,安南區,台南市安南區海佃路一段240號,0910-332295,10:00~20:30,confirmed,confirmed,True,True,Nidin、Uber Eats、foodpanda,Uber Eats、foodpanda,https://www.damingtea.com.tw/stores/,https://www.damingtea.com.tw/stores-detail/149/,https://maps.app.goo.gl/vwwKJbNuHUs9SkAs5,https://order.nidin.shop/menu/21885 | https://www.google.com/search?q=%E5%A4%A7%E8%8C%97%E6%9C%AC%E4%BD%8D%E8%A3%BD%E8%8C%B6%E5%A0%82+%E5%8F%B0%E5%8D%97%E5%AE%89%E5%8D%97%E5%BA%97+%E5%8F%B0%E5%8D%97%E5%B8%82%E5%AE%89%E5%8D%97%E5%8D%80%E6%B5%B7%E4%BD%83%E8%B7%AF%E4%B8%80%E6%AE%B5240%E8%99%9F&hl=zh-TW#sv=CAESzQEKuQEStgEKd0FNbjMteVFhWWJOb1lmSFpod0JSWnBTekluRHdhLUlKZTVNMHF1bW5RYkpWS2d3ZjAtcU9lRVo5ZU5IQS16QndFdnV2Zk9qdGJpeGR3QmpVaTZwNmRpajVnTm9ycHN5eEhmcFlQY3BzcnBFU3FnMS1vUWxYTjkwEhd0VGNiYXY3N0JNLWR2cjBQbXBUZC1BNBoiQUpLTEZtS2FpQmJaLUpSNlJ0bmQ5SzZRRzJGOUFSamZZQRIEODEyNBoBMyoAMAA4AUAAGCog0fCnmgo6AEoCEAE | https://www.ubereats.com/tw/store/%E5%A4%A7%E8%8C%97%E6%9C%AC%E4%BD%8D%E8%A3%BD%E8%8C%B6%E5%A0%82-%E5%8F%B0%E5%8D%97%E5%AE%89%E5%8D%97%E5%BA%97/U32ZcdQ9WHaUHyWZOEZgwQ?diningMode=DELIVERY&pl=JTdCJTIyYWRkcmVzcyUyMiUzQSUyMiVFOCU4NyVCQSVFNCVCOCVBRCVFNSU4NSVBQyVFNSU5QyU5MiUyMiUyQyUyMnJlZmVyZW5jZSUyMiUzQSUyMkNoSUo1U1FXbTJzOWFUUVJPOUNSeVBCWFRoQSUyMiUyQyUyMnJlZmVyZW5jZVR5cGUlMjIlM0ElMjJnb29nbGVfcGxhY2VzJTIyJTJDJTIybGF0aXR1ZGUlMjIlM0EyNC4xNDQ4MTg1JTJDJTIybG9uZ2l0dWRlJTIyJTNBMTIwLjY4NDQ3NjIlN0Q%3D,"Stored Google Order panel re-check read visible, clickable providers by mode."
daming-012,台南新市店,南部,台南市,新市區,台南市新市區仁愛街298號,0911-398518,9:00~20:00,confirmed,confirmed,True,True,Nidin、Uber Eats、foodpanda,Uber Eats、foodpanda,https://www.damingtea.com.tw/stores/,,https://maps.app.goo.gl/kv7arg3fCFFKX6qg8,"https://order.nidin.shop/menu/23431 | https://www.google.com/searchviewer/42?cvd=CLw_EicKJeICIjIgEhkiF9LX29IPEQoNL2cvMTF4ZmZzdjMzdxgBOgMI8A0%3D&hl=zh-Hant-TW&gl=tw&fo_m=MfohQo559jFvMUOzJVpjPL1YMfZ3bInYwBDuMfaXTPp5KXh-&utm_source=tactile&gei=SPkaaqHaK-_31e8PiJWwoA8&ei=SPkaaqHaK-_31e8PiJWwoA8&fo_s=OA,SOE&opi=79508299&orderType=1&ebb=1&cs=0&foub=mcpp | https://www.ubereats.com/tw-en/store/%E5%A4%A7%E8%8C%97%E6%9C%AC%E4%BD%8D%E8%A3%BD%E8%8C%B6%E5%A0%82-%E5%8F%B0%E5%8D%97%E6%96%B0%E5%B8%82%E5%BA%97/TDEoZ5SrVdqSzWZYKnBRWg?diningMode=DELIVERY&pl=JTdCJTIyYWRkcmVzcyUyMiUzQSUyMiVFNiVCQyVBMiVFNSU4RiVBMyVFOCVCNyVBRiVFNCVCQSU4QyVFNiVBRSVCNTMlRTglOTklOUYlMjIlMkMlMjJyZWZlcmVuY2UlMjIlM0ElMjJDaElKQlpPaWhvWTlhVFFSRlprRGdid1BjYjglMjIlMkMlMjJyZWZlcmVuY2VUeXBlJTIyJTNBJTIyZ29vZ2xlX3BsYWNlcyUyMiUyQyUyMmxhdGl0dWRlJTIyJTNBMjQuMTYzMzU3JTJDJTIybG9uZ2l0dWRlJTIyJTNBMTIwLjY1NzY3NyU3RA%3D%3D","Stored Google Order panel re-check read visible, clickable providers by mode."
daming-072,台南東寧店,南部,台南市,東區,台南市東區東寧路465號,06-2345252,10:00~22:00,confirmed,confirmed,True,True,Nidin、Uber Eats、foodpanda,Uber Eats、foodpanda,https://www.damingtea.com.tw/stores/,,https://www.google.com/maps?sca_esv=339a018dea4bc811&biw=1920&bih=1039&output=search&q=%E5%A4%A7%E8%8C%97%E6%9C%AC%E4%BD%8D%E8%A3%BD%E8%8C%B6%E5%A0%82-%E5%8F%B0%E5%8D%97%E6%9D%B1%E5%AF%A7%E5%BA%97&source=lnms&fbs=AEQNm0AaBOazvTRM_Uafu9eNJJzCbF5Xkn0WmZWrNBlhQ5AQFOZM5xYdfIIIZQZe9lZbbb-w3Fs5zfoBJEWWTRyL77ZurLZ6uk4N2YnnHSCn0ZZvzxiPDpma7oHLaViioEqFaNZIvQAdF5JMQROkwQgcnHLVxuTJ3WSNT5CscknUXPFn72pqTA8Q9H0oxCgSNJ005HZHMpoo&entry=mc&ved=1t:200715&ictx=111,"https://order.nidin.shop/menu/21039 | https://www.google.com/searchviewer/42?cvd=CLw_EicKJeICIjIgEhkiF9LX29IPEQoNL2cvMTF3NGQ3anprchgBOgMI8A0%3D&hl=zh-Hant-TW&gl=tw&fo_m=MfohQo559jFvMUOzJVpjPL1YMfZ3bInYwBDuMfaXTPp5KXh-&utm_source=tactile&gei=VfkaaqyIOPb61e8Po8rlUA&ei=VfkaaqyIOPb61e8Po8rlUA&fo_s=OA,SOE&opi=79508299&orderType=1&ebb=1&cs=0&foub=mcpp | https://www.ubereats.com/tw/store/%E5%A4%A7%E8%8C%97%E6%9C%AC%E4%BD%8D%E8%A3%BD%E8%8C%B6%E5%A0%82-%E5%8F%B0%E5%8D%97%E6%9D%B1%E5%AF%A7%E5%BA%97/_JBLs9mqUz-mOtynUoxM-g?srsltid=AfmBOor9C690rUnW2Ml6AHIh1Eji4j_xrHzShTH62Til_QrZcNPTntr_","Stored Google Order panel re-check read visible, clickable providers by mode."
daming-073,永康中華店,南部,台南市,永康區,台南市永康區中華路603號,0911-857565,10:00~20:30,confirmed,confirmed,True,True,Nidin、Uber Eats、foodpanda,Uber Eats、foodpanda,https://www.damingtea.com.tw/stores/,,https://maps.app.goo.gl/P9dDMATfcCafbEiv6,"https://order.nidin.shop/menu/18963 | https://www.google.com/searchviewer/42?cvd=CLw_EicKJeICIjIgEhkiF9LX29IPEQoNL2cvMTF2eHF2bnpnNhgBOgMI8A0%3D&hl=zh-Hant-TW&gl=tw&fo_m=MfohQo559jFvMUOzJVpjPL1YMfZ3bInYwBDuMfaXTPp5KXh-&utm_source=tactile&gei=Y_kaaojjGPSCvr0P99uwyA0&ei=Y_kaaojjGPSCvr0P99uwyA0&fo_s=OA,SOE&opi=79508299&orderType=1&ebb=1&cs=0&foub=mcpp | https://www.ubereats.com/tw/store/%E5%A4%A7%E8%8C%97%E6%9C%AC%E4%BD%8D%E8%A3%BD%E8%8C%B6%E5%A0%82-%E6%B0%B8%E5%BA%B7%E4%B8%AD%E8%8F%AF%E5%BA%97/7zhyvhn0VuO7jIBObdxzMA?diningMode=DELIVERY&pl=JTdCJTIyYWRkcmVzcyUyMiUzQSUyMiVFOCU4NyVCQSVFNCVCOCVBRCVFNSU4NSVBQyVFNSU5QyU5MiUyMiUyQyUyMnJlZmVyZW5jZSUyMiUzQSUyMkNoSUo1U1FXbTJzOWFUUVJPOUNSeVBCWFRoQSUyMiUyQyUyMnJlZmVyZW5jZVR5cGUlMjIlM0ElMjJnb29nbGVfcGxhY2VzJTIyJTJDJTIybGF0aXR1ZGUlMjIlM0EyNC4xNDQ4MTg1JTJDJTIybG9uZ2l0dWRlJTIyJTNBMTIwLjY4NDQ3NjIlN0Q%3D&utm_campaign=CM2508147-search-free-nonbrand-google-pas_e_all_acq_Global&utm_medium=search-free-nonbrand&utm_source=google-pas","Stored Google Order panel re-check read visible, clickable providers by mode."
daming-070,嘉義文化店,南部,嘉義市,東區,嘉義市東區文化路218號,05-2278476,10:00~22:00,confirmed,confirmed,True,True,Nidin、Uber Eats、foodpanda,Uber Eats、foodpanda,https://www.damingtea.com.tw/stores/,,https://maps.app.goo.gl/5hDvYMnvY7k1NMVR7,"https://order.nidin.shop/menu/15043 | https://reurl.cc/344RWL | https://www.google.com/searchviewer/42?cvd=CLw_EicKJeICIjIgEhkiF9LX29IPEQoNL2cvMTF0eDFfZGRweBgAOgMI8A0%3D&hl=zh-Hant-TW&gl=tw&fo_m=MfohQo559jFvMUOzJVpjPL1YMfZ3bInYwBDuMfaXTPp5KXh-&utm_source=tactile&gei=cPkaao2EM9KB1e8PgcihaA&ei=cPkaao2EM9KB1e8PgcihaA&fo_s=OA,SOE&opi=79508299&ebb=1&cs=0&foub=mcpp","Stored Google Order panel re-check read visible, clickable providers by mode."
daming-069,嘉義民族店,南部,嘉義市,西區,嘉義市西區民族路630號,05-2221218,10:00~22:00,confirmed,confirmed,True,True,Nidin、Uber Eats、foodpanda,Uber Eats、foodpanda,https://www.damingtea.com.tw/stores/,,https://maps.app.goo.gl/2jm6nvUetc9972PQ7,"https://order.nidin.shop/menu/19005 | https://reurl.cc/XRGAyj | https://www.google.com/searchviewer/42?cvd=CLw_EicKJeICIjIgEhkiF9LX29IPEQoNL2cvMTF5M3pmc3RidhgAOgMI8A0%3D&hl=zh-Hant-TW&gl=tw&fo_m=MfohQo559jFvMUOzJVpjPL1YMfZ3bInYwBDuMfaXTPp5KXh-&utm_source=tactile&gei=fvkaao2RD4To1e8Pm5jx8AE&ei=fvkaao2RD4To1e8Pm5jx8AE&fo_s=OA,SOE&opi=79508299&ebb=1&cs=0&foub=mcpp","Stored Google Order panel re-check read visible, clickable providers by mode."
daming-015,屏東民族店,南部,屏東縣,屏東市,屏東市民族路85號,0921-011399,09:00~20:00,confirmed,confirmed,True,True,Nidin、Uber Eats、foodpanda,Uber Eats、foodpanda,https://www.damingtea.com.tw/stores/,https://www.damingtea.com.tw/stores-detail/161__1/,https://share.google/F6YEmVY4yuj0mBCFt,https://order.nidin.shop/menu/26458 | https://reurl.cc/r0YoDO | https://www.google.com/search?q=%E5%A4%A7%E8%8C%97%E6%9C%AC%E4%BD%8D%E8%A3%BD%E8%8C%B6%E5%A0%82+%E5%B1%8F%E6%9D%B1%E6%B0%91%E6%97%8F%E5%BA%97+%E5%B1%8F%E6%9D%B1%E5%B8%82%E6%B0%91%E6%97%8F%E8%B7%AF85%E8%99%9F&hl=zh-TW#sv=CAESzQEKuQEStgEKd0FNbjMteVJVX1lrRmNVUk0yRDRIbTFiR184WDdud3NBX19zN2FRdXhpVEtJS1h4bWN1azdHQW1zVEtXZ0FMU1czWUpZb2N6Wk5fNEc0cm5aenYxT0U3NlZJcmwtMlllaDA4djB5WEdld19oaEJYSUtraVIxQ2NNEhc1RFViYXVpX043V0ExZThQel8za3VBNBoiQUpLTEZtSXFrcVRRdlYzTnNCanR0UFc0QkxpUl9MRUtPdxIEODEyNBoBMyoAMAA4AUAAGCogjq_M5wM6AEoCEAE,"Stored Google Order panel re-check read visible, clickable providers by mode."
daming-003,屏東麟洛店,南部,屏東縣,麟洛鄉,屏東縣麟洛鄉中山路170號,0910750599,09:00~20:00,confirmed,confirmed,True,True,Uber Eats、foodpanda,Uber Eats、foodpanda,https://www.damingtea.com.tw/stores/,https://www.damingtea.com.tw/stores-detail/161__2/,https://share.google/WeclRFK1F6qgglNbd,"https://reurl.cc/Q2amWO | https://www.google.com/search?sca_esv=e42243e293ad428e&biw=2844&bih=1412&sxsrf=ANbL-n47nghiIIdldn4UniHVs9uSiSFFiQ:1777015955582&kgmid=/g/11z48s4g_w&q=%E5%A4%A7%E8%8C%97%E6%9C%AC%E4%BD%8D%E8%A3%BD%E8%8C%B6%E5%A0%82-%E5%B1%8F%E6%9D%B1%E9%BA%9F%E6%B4%9B%E4%B8%AD%E5%B1%B1%E5%BA%97&shem=dlvs1&shndl=30&source=sh/x/loc/uni/m1/1&kgs=cb50f6c87e66de33&utm_source=dlvs1,sh/x/loc/uni/m1/1#sv=CAESzQEKuQEStgEKd0FNbjMteVI3Zk9QMjc3UW90SWpQT3RpaHIyM09Ibm1hVTB4T0Jvb29fYzRLZktJM3o2cTRFeU9HWnZyNHR2Nk9fU0tzU21IUUh1b3ZTVXVDTFkzWDVUQ1lNWjlYamNRM2R6T2g3Y3ozUXdZZllkRGUzalFwN2R3EhdfalViYXZHMk9PTHExZThQbU15LTRBTRoiQUpLTEZtTGlzSGZ6S1BVZ2pMZlR4WjNiMlhXNjJaU3M0QRIEODEyNBoBMyoAMAA4AUAAGCog3vDVvwQ6AEoCEAE","Stored Google Order panel re-check read visible, clickable providers by mode."
daming-077,裕誠河堤店,南部,高雄市,三民區,高雄市三民區裕誠路125號,0911-009392,10:00~20:30,confirmed,confirmed,True,True,Nidin、Uber Eats、foodpanda,Uber Eats、foodpanda,https://www.damingtea.com.tw/stores/,,https://maps.app.goo.gl/DkbXQuwEpgNonYUQ7,"https://order.nidin.shop/menu/20025 | https://reurl.cc/7ddn8y | https://www.google.com/searchviewer/42?cvd=CLw_EicKJeICIjIgEhkiF9LX29IPEQoNL2cvMTF3NGZ3bTFwbhgBOgMI8A0%3D&hl=zh-Hant-TW&gl=tw&fo_m=MfohQo559jFvMUOzJVpjPL1YMfZ3bInYwBDuMfaXTPp5KXh-&utm_source=tactile&gei=lvkaaoaaB9KA1e8P05ym0A0&ei=lvkaaoaaB9KA1e8P05ym0A0&fo_s=OA,SOE&opi=79508299&orderType=1&ebb=1&cs=0&foub=mcpp","Stored Google Order panel re-check read visible, clickable providers by mode."
daming-013,高雄自強店,南部,高雄市,前金區,高雄市前金區自強三路221號,0963-877857,10:00~21:30,confirmed,confirmed,True,True,Nidin、Uber Eats、foodpanda,Uber Eats、foodpanda,https://www.damingtea.com.tw/stores/,https://www.damingtea.com.tw/stores-detail/160__1/,https://g.co/kgs/oMYJ7eJ,"https://order.nidin.shop/menu/23302 | https://www.google.com/search?sca_esv=9df8d0d36b3fc424&cs=0&output=search&kgmid=/g/11x8z9ksx_&q=%E5%A4%A7%E8%8C%97%E6%9C%AC%E4%BD%8D%E8%A3%BD%E8%8C%B6%E5%A0%82-%E9%AB%98%E9%9B%84%E8%87%AA%E5%BC%B7%E5%BA%97&shndl=30&shem=lcuae,uaasie&source=sh/x/loc/uni/m1/1&kgs=cc3fa1a8c54b0d4d#sv=CAESzQEKuQEStgEKd0FNbjMteVIzZmZBcUQ1UjVCYUtfaGRkTTRPTTlIYjZ1ck56TmhqYU81UFpUN3VjLThUZzJqM2ZfdVl4OFVhYzh6MnprOU9hZ2VhclJYZjB4b2JRUnVwaFg2YjE1WjQ0M3l5bFZRcDQtSzdIWUkwT09zQjVnWElrEhdEelliYW9XLUI3Mk52cjBQa19yRmtRWRoiQUpLTEZtSUdKXzFPamJ5ejdSeHZDOFlOZ1VVc3lGb3FIURIEODEyNBoBMyoAMAA4AUAAGCogwui3qww6AEoCEAE | https://www.ubereats.com/tw/store/%E5%A4%A7%E8%8C%97%E6%9C%AC%E4%BD%8D%E8%A3%BD%E8%8C%B6%E5%A0%82-%E9%AB%98%E9%9B%84%E8%87%AA%E5%BC%B7%E5%BA%97/sNEp0IA6VJiSS4SeBR42gA?srsltid=AfmBOoplsK2J76xUlk7ITf7vat4kfz3NXpyPpp4YR0WyhTIhnFohod4Z","Stored Google Order panel re-check read visible, clickable providers by mode."
daming-080,高雄岡山店,南部,高雄市,岡山區,高雄市岡山區壽天路87號,0911-558939,09:00~20:00,confirmed,confirmed,True,True,Nidin、Uber Eats、foodpanda,Uber Eats、foodpanda,https://www.damingtea.com.tw/stores/,https://www.damingtea.com.tw/stores-detail/161/,https://share.google/ECInHogUM2a91xAEz,"https://order.nidin.shop/menu/22533/ | https://www.google.com/search?sca_esv=e42243e293ad428e&biw=2844&bih=1412&sxsrf=ANbL-n7XG6pmgQ3ReMkH3Lf6ss6siZlaEg:1777016089692&kgmid=/g/11l_0yhbhx&q=%E5%A4%A7%E8%8C%97%E6%9C%AC%E4%BD%8D%E8%A3%BD%E8%8C%B6%E5%A0%82-%E9%AB%98%E9%9B%84%E5%B2%A1%E5%B1%B1%E5%BA%97&shem=dlvs1&shndl=30&source=sh/x/loc/uni/m1/1&kgs=def942ca5f5a9221&utm_source=dlvs1,sh/x/loc/uni/m1/1#sv=CAESzQEKuQEStgEKd0FNbjMteVNTZm0zRUN2bEFHbHhfdDdTVHhyVXVVaTk0ZzVPcGVNQmxwc0UxdXpWNnFMQm51S19sclBzTWNUbHNCVG5hOEo5NVd0d1JnMEJRNXlVWUpQaHpkR0FySk5xLVVmWnZWV2xnRnhBVGxtNk5rRkpiTE5zEhdNVFliYW9DcERQVG8xZThQMnREbmdBdxoiQUpLTEZtSl9ER25MV0V6bkJ2cEJCaHluSmRJRVEtblR1URIEODEyNBoBMyoAMAA4AUAAGCoglqCKrAo6AEoCEAE | https://www.ubereats.com/tw/store/%E5%A4%A7%E8%8C%97%E6%9C%AC%E4%BD%8D%E8%A3%BD%E8%8C%B6%E5%A0%82-%E9%AB%98%E9%9B%84%E5%B2%A1%E5%B1%B1%E5%BA%97/Nln0NLtZWb-_YVkAiIqE5Q","Stored Google Order panel re-check read visible, clickable providers by mode."
daming-078,高雄左營至聖店,南部,高雄市,左營區,高雄市左營區至聖路302號,0911-857575,10:00~20:30,confirmed,confirmed,True,True,Nidin、Uber Eats、foodpanda,Uber Eats、foodpanda,https://www.damingtea.com.tw/stores/,,https://maps.app.goo.gl/uNQQu79nu4Tm7mHA8,"https://order.nidin.shop/menu/18460 | https://reurl.cc/DlleQm | https://www.google.com/searchviewer/42?cvd=CLw_EicKJeICIjIgEhkiF9LX29IPEQoNL2cvMTF2c3lzOGIxZBgBOgMI8A0%3D&hl=zh-Hant-TW&gl=tw&fo_m=MfohQo559jFvMUOzJVpjPL1YMfZ3bInYwBDuMfaXTPp5KXh-&utm_source=tactile&gei=r_kaaozrG_Po1e8P2tGwKQ&ei=r_kaaozrG_Po1e8P2tGwKQ&fo_s=OA,SOE&opi=79508299&orderType=1&ebb=1&cs=0&foub=mcpp","Stored Google Order panel re-check read visible, clickable providers by mode."
daming-079,楠梓站前店,南部,高雄市,楠梓區,高雄市楠梓區建楠路206號,0910-331957,10:00~20:30,confirmed,confirmed,True,True,Nidin、Uber Eats、foodpanda,Uber Eats、foodpanda,https://www.damingtea.com.tw/stores/,https://www.damingtea.com.tw/stores-detail/150/,https://maps.app.goo.gl/vhfTd6TC9t8NmMW19,"https://order.nidin.shop/menu/22095 | https://www.google.com/searchviewer/42?cvd=CLw_EicKJeICIjIgEhkiF9LX29IPEQoNL2cvMTF3cDUyZzdtNxgBOgMI8A0%3D&hl=zh-Hant-TW&gl=tw&fo_m=MfohQo559jFvMUOzJVpjPL1YMfZ3bInYwBDuMfaXTPp5KXh-&utm_source=tactile&gei=vPkaaq6QLeDW1e8PoLiHuQo&ei=vPkaaq6QLeDW1e8PoLiHuQo&fo_s=OA,SOE&opi=79508299&orderType=1&ebb=1&cs=0&foub=mcpp | ubereats.com","Stored Google Order panel re-check read visible, clickable providers by mode."
daming-075,高雄文化中心店,南部,高雄市,苓雅區,高雄市苓雅區和平一路149號,0910-333098,10:00~20:30,confirmed,confirmed,True,True,Nidin、Uber Eats、foodpanda,Uber Eats、foodpanda,https://www.damingtea.com.tw/stores/,https://www.damingtea.com.tw/stores-detail/160/,https://g.co/kgs/Ugn3XbV,https://order.nidin.shop/menu/21318 | https://www.google.com/search?sca_esv=db6c6456526170d9&sxsrf=AHTn8zqsOmdZB77oTqlZQq2mRGIri3UjXA:1737683812927&kgmid=/g/11wpnb240p&q=%E5%A4%A7%E8%8C%97%E6%9C%AC%E4%BD%8D%E8%A3%BD%E8%8C%B6%E5%A0%82-%E9%AB%98%E9%9B%84%E6%96%87%E5%8C%96%E4%B8%AD%E5%BF%83%E5%BA%97&shndl=30&shem=uaasie&source=sh/x/loc/uni/m1/1&kgs=ac625346dc3ddd05#sv=CAESzQEKuQEStgEKd0FNbjMteVJhbWZZMEpkcDdaVk9pSEozWWdZd2dSYWJwOC1SaEptTjRBeWtINWxxWGNwYmE4R2JES3YxSUw3bXdKdll1YndnbFI3dFFrOHJuRTdteF9SUkdMVUhZRjBWbnRZUWF2TTBTUHVIVGU0YzB2bktiNl80EhdVelliYXVMNk1KcTV2cjBQMHJ2UDBBYxoiQUpLTEZtTFFHT29fY2tHSWg5UEpqSWhsQU9oSWdZOUlzQRIEODEyNBoBMyoAMAA4AUAAGCogorOB1g06AEoCEAE | https://www.ubereats.com/tw/store/%E5%A4%A7%E8%8C%97%E6%9C%AC%E4%BD%8D%E8%A3%BD%E8%8C%B6%E5%A0%82-%E9%AB%98%E9%9B%84%E6%96%87%E5%8C%96%E4%B8%AD%E5%BF%83%E5%BA%97/DyyTREuoXMSmpBd4xnHDgg?srsltid=AfmBOoozyAGSxujfwnmid97V6HgS3pu1LaD9DpBZNJ-mIp1TBVM2vy-a,"Stored Google Order panel re-check read visible, clickable providers by mode."
daming-076,鳳山青年店,南部,高雄市,鳳山區,高雄市鳳山區青年路二段496號,0921-503959,10:00~20:30,confirmed,confirmed,True,True,Nidin、Uber Eats、foodpanda,Uber Eats、foodpanda,https://www.damingtea.com.tw/stores/,,https://maps.app.goo.gl/s3AEnNmNXmHmxXLPA,"https://order.nidin.shop/menu/20934 | https://www.google.com/searchviewer/42?cvd=CLw_EicKJeICIjIgEhkiF9LX29IPEQoNL2cvMTF3aGZrZDNoMhgBOgMI8A0%3D&hl=zh-Hant-TW&gl=tw&fo_m=MfohQo559jFvMUOzJVpjPL1YMfZ3bInYwBDuMfaXTPp5KXh-&utm_source=tactile&gei=0PkaauOGC-S9vr0P88304Ak&ei=0PkaauOGC-S9vr0P88304Ak&fo_s=OA,SOE&opi=79508299&orderType=1&ebb=1&cs=0&foub=mcpp | https://www.ubereats.com/tw/store/%E5%A4%A7%E8%8C%97%E6%9C%AC%E4%BD%8D%E8%A3%BD%E8%8C%B6%E5%A0%82-%E9%AB%98%E9%9B%84%E9%B3%B3%E5%B1%B1%E9%9D%92%E5%B9%B4%E5%BA%97/u6eeejdTWs2hiLHURPU4SQ?srsltid=AfmBOoqj5lknvoG11sUgFxFWupJ-yRHTNfzsSA0VIbxtvw4XSJDYLLSh","Stored Google Order panel re-check read visible, clickable providers by mode."
